Date,Open,High,Low,Close,Volume,Adj Close
2011-11-17,21.25,21.92,21.25,21.33,17557500,19.963670999999998
2011-11-18,21.35,21.530001000000002,20.75,21.0,2718500,19.654809
2011-11-21,21.0,21.23,20.02,20.299999,2366400,18.999648
2011-11-22,20.299999,20.709999,19.65,19.9,2988700,18.625270999999998
2011-11-23,19.700001,19.75,19.219998999999998,19.629998999999998,1061400,18.372566
2011-11-25,19.549999,19.82,19.5,19.65,279600,18.391285999999997
2011-11-28,19.860001,20.32,19.67,20.040001,700300,18.756304999999998
2011-11-29,20.0,20.0,19.700001,19.99,534000,18.709506
2011-11-30,20.15,21.459999,20.120001000000002,20.84,569700,19.505059
2011-12-01,20.950001,21.049999,20.35,20.809998999999998,479900,19.476979999999998
2011-12-02,20.950001,21.450001,20.9,21.370001000000002,584500,20.001109
2011-12-05,21.450001,21.91,21.4,21.77,2067800,20.375486
2011-12-06,21.639999,22.25,21.610001,22.129998999999998,524100,20.712425
2011-12-07,21.93,22.1,21.82,22.0,157600,20.590753
2011-12-08,21.719998999999998,21.940001000000002,21.620001000000002,21.690001000000002,377900,20.300611
2011-12-09,21.620001000000002,21.98,21.25,21.75,492700,20.356767
2011-12-12,21.4,21.59,21.25,21.51,431500,20.132141
2011-12-13,21.65,21.82,21.209999,21.309998999999998,558700,19.944951
2011-12-14,21.08,21.190001000000002,20.549999,20.639999,1052600,19.317869
2011-12-15,20.98,21.879998999999998,20.790001,20.959999,712900,19.617371
2011-12-16,20.959999,21.5,20.74,20.969998999999998,210300,19.62673
2011-12-19,21.07,21.17,20.76,20.99,149000,19.64545
2011-12-20,21.43,21.690001000000002,21.17,21.5,320200,20.122781
2011-12-21,21.370001000000002,21.68,21.290001,21.4,268600,20.029186
2011-12-22,21.43,21.85,21.43,21.790001,374500,20.394205
2011-12-23,21.82,22.450001,21.629998999999998,21.940001000000002,542500,20.534597
2011-12-27,22.889999,22.889999,21.379998999999998,21.65,443100,20.263172
2011-12-28,21.77,21.82,21.09,21.190001000000002,144800,19.832639
2011-12-29,21.219998999999998,21.43,21.02,21.42,289100,20.047906
2011-12-30,21.459999,21.639999,21.09,21.540001,128000,20.160220000000002
2012-01-03,22.110001,22.93,21.76,22.24,980300,20.815379
2012-01-04,23.23,23.23,21.85,22.540001,393700,21.096163
2012-01-05,22.440001000000002,22.440001000000002,21.76,22.139999,672500,20.721784
2012-01-06,22.139999,22.83,22.0,22.549999,578900,21.105521
2012-01-09,22.610001,22.709999,22.48,22.709999,418800,21.255272
2012-01-10,22.92,24.0,22.92,23.83,948800,22.303529
2012-01-11,23.799999,24.02,23.59,23.950001,227400,22.415843
2012-01-12,24.1,25.0,23.85,24.690001000000002,1013400,23.108441
2012-01-13,24.530001000000002,25.32,24.280001000000002,24.799999,540900,23.211393
2012-01-17,24.950001,25.129998999999998,24.27,24.360001,887800,22.799579
2012-01-18,24.209999,25.0,24.209999,24.5,569700,22.930611
2012-01-19,24.68,25.17,24.59,25.07,956500,23.464098
2012-01-20,25.02,25.200001,24.940001000000002,25.1,532000,23.492176999999998
2012-01-23,25.18,25.83,25.08,25.48,489600,23.847835
2012-01-24,25.299999,25.870001000000002,25.18,25.809998999999998,408100,24.156696
2012-01-25,25.809998999999998,25.889999,25.469998999999998,25.76,603700,24.1099
2012-01-26,25.85,26.639999,25.17,25.950001,801600,24.287729000000002
2012-01-27,26.959999,27.4,26.17,27.16,2554800,25.42022
2012-01-30,27.15,27.549999,26.57,27.08,675200,25.345345000000002
2012-01-31,27.27,27.49,26.57,26.83,553600,25.111359
2012-02-01,27.129998999999998,28.690001000000002,26.99,28.59,713000,26.758619
2012-02-02,28.129998999999998,29.040001,27.870001000000002,28.969998999999998,571700,27.114277
2012-02-03,29.24,31.030001000000002,29.219998999999998,30.75,2728300,28.780257000000002
2012-02-06,30.620001000000002,30.780001000000002,29.9,30.52,1650400,28.56499
2012-02-07,30.5,30.5,29.68,30.08,791900,28.153175
2012-02-08,30.18,30.25,29.09,29.9,1511100,27.984703999999997
2012-02-09,29.99,30.02,29.42,29.799999,1509800,27.891109999999998
2012-02-10,29.49,30.17,29.360001,30.040001,1489800,28.115738
2012-02-13,30.01,30.25,29.93,30.01,1477600,28.087659000000002
2012-02-14,29.190001000000002,29.49,28.75,29.059998999999998,8621700,27.198512
2012-02-15,29.24,29.809998999999998,29.129998999999998,29.379998999999998,4789300,27.498014
2012-02-16,29.5,30.790001,29.360001,30.32,4869500,28.377801
2012-02-17,30.559998999999998,31.5,30.17,31.290001,4487500,29.285667
2012-02-21,32.91,32.98,30.34,30.93,3841400,28.948727
2012-02-22,31.049999,31.35,30.309998999999998,31.02,1451700,29.032962
2012-02-23,31.17,31.4,30.559998999999998,31.0,1172000,29.014242
2012-02-24,30.950001,31.75,30.799999,31.389999,1117000,29.37926
2012-02-27,31.389999,31.629998999999998,31.030001000000002,31.290001,2161700,29.285667
2012-02-28,31.469998999999998,32.18,31.4,31.879998999999998,1289800,29.837871999999997
2012-02-29,32.18,32.450001,31.610001,32.0,2462100,29.950186
2012-03-01,32.130001,32.490002000000004,31.370001000000002,32.0,2565300,29.950186
2012-03-02,31.73,32.490002000000004,31.73,32.330002,1627300,30.259048999999997
2012-03-05,32.299999,32.630001,31.35,31.639999,1848400,29.613246000000004
2012-03-06,31.370001000000002,31.65,29.790001,29.98,1050600,28.05958
2012-03-07,29.799999,30.870001000000002,29.799999,30.01,681500,28.087659000000002
2012-03-08,30.459999,31.91,30.25,31.700001,3596200,29.669403000000003
2012-03-09,31.549999,31.9,31.450001,31.83,640500,29.791075
2012-03-12,31.91,32.299999,31.540001,31.92,3487700,29.87531
2012-03-13,32.040001000000004,32.060001,31.67,31.950001,1291600,29.903389
2012-03-14,31.860001,32.290001000000004,31.049999,31.780001000000002,1888600,29.744279
2012-03-15,31.9,32.130001,31.610001,31.719998999999998,1337300,29.688121000000002
2012-03-16,31.75,32.099998,31.639999,32.0,1708000,29.950186
2012-03-19,31.93,32.060001,31.48,31.549999,2131200,29.529010999999997
2012-03-20,31.15,31.49,30.639999,31.139999,1751200,29.145274
2012-03-21,31.389999,31.74,31.139999,31.26,879700,29.257588000000002
2012-03-22,31.17,31.17,30.780001000000002,30.969998999999998,384400,28.986164000000002
2012-03-23,30.93,31.08,30.389999,30.969998999999998,722200,28.986164000000002
2012-03-26,31.35,31.969998999999998,31.07,31.959999,1234300,29.912746999999996
2012-03-27,32.23,32.610001000000004,31.709999,31.91,1401600,29.865951000000003
2012-03-28,31.799999,32.060001,30.58,31.559998999999998,1451600,29.53837
2012-03-29,32.400002,32.400002,31.4,31.77,1822300,29.734919
2012-03-30,32.080002,32.169998,31.43,31.6,10099000,29.575809000000003
2012-04-02,31.700001,31.76,31.469998999999998,31.549999,2317300,29.529010999999997
2012-04-03,31.58,31.75,31.0,31.27,1203700,29.266948
2012-04-04,31.059998999999998,31.67,30.75,31.629998999999998,2185400,29.603886
2012-04-05,31.5,32.0,31.5,31.76,813000,29.725559999999998
2012-04-09,31.24,31.57,31.15,31.27,1284700,29.266948
2012-04-10,31.139999,31.65,30.58,30.84,2021400,28.864492
2012-04-11,31.17,31.68,30.93,31.49,2265800,29.472853999999998
2012-04-12,31.85,32.349998,31.26,31.77,2220700,29.734919
2012-04-13,31.559998999999998,31.969998999999998,31.440001000000002,31.85,973300,29.809795
2012-04-16,32.32,32.32,31.639999,31.99,4461700,29.940826
2012-04-17,32.34,32.84,31.91,32.110001000000004,5030200,30.053140000000003
2012-04-18,32.009997999999996,32.509997999999996,31.950001,32.200001,1154300,30.137375
2012-04-19,32.259997999999996,32.77,31.5,31.860001,1213800,29.819153999999997
2012-04-20,32.060001,32.139998999999996,31.6,31.870001000000002,605000,29.828514000000002
2012-04-23,31.41,31.9,31.35,31.5,1111200,29.482214000000003
2012-04-24,31.219998999999998,31.34,30.15,30.219998999999998,5682100,28.284206
2012-04-25,30.5,30.950001,30.5,30.85,2687800,28.873851000000002
2012-04-26,30.940001000000002,31.0,30.49,30.620001000000002,1832700,28.658585
2012-04-27,30.75,31.129998999999998,30.52,31.110001,3058000,29.117196999999997
2012-04-30,31.09,31.09,30.459999,30.690001000000002,2173400,28.724101
2012-05-01,30.790001,31.26,30.530001000000002,30.860001,1970100,28.883211
2012-05-02,30.549999,30.82,30.24,30.74,2937200,28.770896999999998
2012-05-03,30.799999,30.9,30.34,30.450001,2788200,28.499474
2012-05-04,30.379998999999998,30.379998999999998,29.290001,29.370001000000002,1582900,27.488656
2012-05-07,29.370001000000002,29.889999,29.02,29.65,699000,27.750719
2012-05-08,29.370001000000002,29.4,28.360001,28.5,3359100,26.674384000000003
2012-05-09,28.24,29.030001000000002,27.889999,28.530001000000002,2503800,26.702463
2012-05-10,28.700001,29.0,28.58,28.790001,946700,26.945809000000004
2012-05-11,28.42,29.24,28.27,28.719998999999998,1129800,26.880290999999996
2012-05-14,28.32,28.540001,27.93,28.01,2025500,26.215771999999998
2012-05-15,27.73,27.99,27.370001000000002,27.610001,6405700,25.841395000000002
2012-05-16,28.120001000000002,28.709999,27.93,27.98,5832900,26.187693
2012-05-17,28.120001000000002,28.120001000000002,27.18,27.49,7158000,25.729081
2012-05-18,27.49,27.809998999999998,26.940001000000002,27.26,4491900,25.513815
2012-05-21,27.379998999999998,28.200001,27.379998999999998,28.0,3584100,26.206413
2012-05-22,28.129998999999998,28.389999,27.940001000000002,28.190001000000002,3756900,26.384241999999997
2012-05-23,28.0,29.4,27.52,28.030001000000002,3818100,26.234491
2012-05-24,28.25,28.25,27.4,27.700001,2519600,25.925629999999998
2012-05-25,29.01,29.01,27.709999,28.450001,7544700,26.627588
2012-05-29,28.73,29.84,28.59,29.84,3305000,27.928548
2012-05-30,29.48,29.48,28.83,28.85,4069100,27.001965000000002
2012-05-31,29.09,29.309998999999998,28.52,29.030001000000002,8916100,27.170434999999998
2012-06-01,28.4,28.59,27.969998999999998,28.24,2827100,26.431039000000002
2012-06-04,28.23,28.41,27.32,27.73,3362700,25.953707
2012-06-05,27.719998999999998,28.559998999999998,27.68,28.27,2073900,26.459118
2012-06-06,28.57,29.49,28.559998999999998,29.0,3327400,27.142356
2012-06-07,28.620001000000002,29.15,28.440001000000002,28.530001000000002,2945800,26.702463
2012-06-08,28.299999,28.83,28.02,28.75,752100,26.90837
2012-06-11,29.1,29.1,28.48,28.5,2569200,26.674384000000003
2012-06-12,28.43,28.93,28.23,28.870001000000002,4193800,27.020684000000003
2012-06-13,28.809998999999998,28.879998999999998,28.48,28.6,2113600,26.767978999999997
2012-06-14,28.33,28.889999,28.17,28.440001000000002,2794400,26.618228000000002
2012-06-15,28.4,28.74,28.23,28.540001,1800500,26.711823
2012-06-18,28.309998999999998,29.16,28.309998999999998,28.91,1748300,27.058121000000003
2012-06-19,29.040001,30.01,28.93,29.1,4313000,27.235951
2012-06-20,29.25,29.35,28.49,28.58,3309700,26.749259999999996
2012-06-21,28.559998999999998,28.59,27.42,27.57,3292100,25.803957
2012-06-22,27.790001,27.82,26.66,27.02,15518600,25.289189
2012-06-25,27.6,27.6,25.52,25.75,2914400,24.10054
2012-06-26,25.75,26.02,25.440001000000002,25.91,2665900,24.250291
2012-06-27,25.75,26.02,25.58,25.74,2367300,24.091179999999998
2012-06-28,25.530001000000002,25.57,24.860001,25.43,3287900,23.801039000000003
2012-06-29,25.809998999999998,26.280001000000002,25.200001,25.5,2426800,23.866554
2012-07-02,25.6,25.65,24.9,25.290001,1528900,23.670007000000002
2012-07-03,25.41,26.41,25.26,26.309998999999998,1457800,24.624668
2012-07-05,26.17,27.0,26.07,26.809998999999998,2324800,25.09264
2012-07-06,26.52,26.559998999999998,26.120001000000002,26.4,1269500,24.708903
2012-07-09,26.280001000000002,26.709999,26.209999,26.66,2179300,24.952248
2012-07-10,26.66,26.870001000000002,26.219998999999998,26.530001000000002,3261800,24.830576999999998
2012-07-11,26.440001000000002,26.549999,25.870001000000002,26.129998999999998,1456500,24.456198
2012-07-12,26.040001,26.5,25.299999,26.26,2239800,24.577871
2012-07-13,26.23,27.01,26.200001,26.870001000000002,1740400,25.148797000000002
2012-07-16,26.719998999999998,26.82,26.41,26.629998999999998,673000,24.924169
2012-07-17,26.700001,27.01,26.32,27.0,869500,25.270469
2012-07-18,27.059998999999998,27.629998999999998,26.969998999999998,27.209999,1060000,25.467016
2012-07-19,27.34,27.440001000000002,27.120001000000002,27.200001,2396600,25.457659
2012-07-20,27.0,27.09,26.76,26.98,2620100,25.25175
2012-07-23,26.370001000000002,26.93,26.139999,26.889999,1387500,25.167514999999998
2012-07-24,26.99,26.99,26.25,26.51,1539200,24.811857
2012-07-25,26.700001,26.83,26.59,26.709999,1085600,24.999045000000002
2012-07-26,27.049999,27.049999,26.620001000000002,26.950001,1834200,25.223673
2012-07-27,27.0,27.91,26.799999,27.780001000000002,2670700,26.000506
2012-07-30,27.719998999999998,28.139999,27.6,27.99,1511200,26.197053
2012-07-31,28.0,29.040001,28.0,28.389999,3320400,26.57143
2012-08-01,28.41,28.65,27.68,27.98,1579200,26.187693
2012-08-02,27.68,28.0,27.440001000000002,27.49,1398500,25.729081
2012-08-03,27.969998999999998,28.48,27.75,28.33,843500,26.515273999999998
2012-08-06,28.370001000000002,29.200001,28.33,29.02,910600,27.161075
2012-08-07,28.559998999999998,29.5,28.559998999999998,29.040001,4420800,27.179794
2012-08-08,28.889999,29.110001,28.66,28.690001000000002,561000,26.852214
2012-08-09,28.620001000000002,29.049999,28.43,28.940001000000002,705000,27.0862
2012-08-10,28.969998999999998,29.0,28.299999,28.540001,700200,26.711823
2012-08-13,28.57,28.9,28.43,28.709999,790400,26.870931
2012-08-14,28.940001000000002,28.940001000000002,28.51,28.629998999999998,882900,26.796056
2012-08-15,28.6,28.719998999999998,28.35,28.48,1613300,26.655665000000003
2012-08-16,28.75,29.51,28.629998999999998,29.370001000000002,5962100,27.488656
2012-08-17,29.65,29.719998999999998,29.459999,29.5,3216300,27.610328000000003
2012-08-20,29.51,29.540001,29.23,29.389999,5325300,27.507372999999998
2012-08-21,29.5,29.5,29.0,29.299999,2468800,27.423138
2012-08-22,29.16,29.389999,29.049999,29.24,2077500,27.366982
2012-08-23,29.129998999999998,29.27,28.98,29.129998999999998,1428000,27.264028000000003
2012-08-24,29.049999,29.24,28.99,29.18,2105500,27.310826000000002
2012-08-27,29.16,29.67,29.059998999999998,29.559998999999998,1807000,27.666484000000004
2012-08-28,29.440001000000002,30.530001000000002,29.370001000000002,30.530001000000002,3772900,28.57435
2012-08-29,30.450001,30.52,29.889999,30.200001,2728700,28.265489000000002
2012-08-30,30.25,30.280001000000002,29.549999,29.790001,1658900,27.881752000000002
2012-08-31,30.120001000000002,30.440001000000002,29.68,30.290001,13909400,28.349724
2012-09-04,30.459999,30.48,29.870001000000002,30.0,2390700,28.078298999999998
2012-09-05,30.07,30.24,29.93,30.0,1791900,28.078298999999998
2012-09-06,30.290001,30.870001000000002,30.23,30.860001,5503900,28.883211
2012-09-07,30.82,31.209999,30.790001,31.15,2177400,29.154634
2012-09-10,30.940001000000002,31.129998999999998,30.790001,30.870001000000002,1709600,28.892571000000004
2012-09-11,30.870001000000002,31.15,30.85,31.1,1728500,29.107837
2012-09-12,31.16,31.459999,30.9,30.98,2092000,28.995523
2012-09-13,30.9,31.01,30.219998999999998,30.76,2517600,28.789616
2012-09-14,31.58,32.16,31.41,31.82,5899200,29.781715999999996
2012-09-17,31.709999,31.77,31.389999,31.620001000000002,1536200,29.594528000000004
2012-09-18,31.5,31.82,31.25,31.74,2338100,29.706840000000003
2012-09-19,31.629998999999998,32.16,31.6,32.02,2417800,29.968905
2012-09-20,31.68,32.16,31.5,32.02,2355200,29.968905
2012-09-21,32.139998999999996,33.34,31.639999,31.780001000000002,2999400,29.744279
2012-09-24,31.450001,31.68,31.280001000000002,31.66,965900,29.631965
2012-09-25,31.709999,31.82,31.370001000000002,31.370001000000002,2197200,29.360542
2012-09-26,31.27,31.58,30.610001,31.34,1301200,29.332463
2012-09-27,31.52,31.58,31.129998999999998,31.26,1380300,29.257588000000002
2012-09-28,31.26,31.33,30.83,31.0,1470900,29.014242
2012-10-01,31.25,31.549999,30.629998999999998,31.299999,3072800,29.295025
2012-10-02,31.549999,31.59,31.209999,31.540001,2013800,29.519653
2012-10-03,31.780001000000002,32.32,31.309998999999998,31.559998999999998,1561900,29.53837
2012-10-04,31.799999,32.389998999999996,31.76,32.200001,2042500,30.137375
2012-10-05,32.41,32.549999,32.110001000000004,32.5,1500000,30.418157
2012-10-08,32.299999,32.459998999999996,32.060001,32.27,844600,30.202890999999997
2012-10-09,32.32,32.360001000000004,31.66,31.879998999999998,1151000,29.837871999999997
2012-10-10,31.959999,32.110001000000004,31.34,31.49,1179300,29.472853999999998
2012-10-11,31.799999,32.299999,31.67,32.029999,1284800,29.978263000000002
2012-10-12,31.99,32.23,31.73,32.080002,1459600,30.025063
2012-10-15,32.139998999999996,32.5,31.950001,32.48,1162000,30.399438
2012-10-16,32.48,32.779999,32.169998,32.759997999999996,1075700,30.661501
2012-10-17,32.740002000000004,32.75,32.400002,32.5,1005700,30.418157
2012-10-18,32.5,32.799999,32.299999,32.459998999999996,920900,30.380719
2012-10-19,32.32,32.459998999999996,31.85,31.92,1093100,29.87531
2012-10-22,31.98,32.34,31.799999,32.34,1145100,30.268407
2012-10-23,31.639999,31.639999,30.77,31.389999,1820800,29.37926
2012-10-24,31.459999,31.93,31.309998999999998,31.34,1152600,29.332463
2012-10-25,31.719998999999998,31.790001,31.33,31.43,1075500,29.416697999999997
2012-10-26,31.57,31.68,30.5,30.5,1813800,28.546271
2012-10-31,30.219998999999998,31.780001000000002,30.0,31.440001000000002,2002200,29.426058
2012-11-01,31.76,32.779999,30.26,32.560001,5248500,30.474315
2012-11-02,33.02,33.950001,32.759997999999996,32.860001000000004,4647500,30.755097999999997
2012-11-05,32.23,32.889998999999996,32.119999,32.200001,1600600,30.137375
2012-11-06,32.509997999999996,32.98,32.029999,32.860001000000004,1591800,30.755097999999997
2012-11-07,32.439999,32.57,31.950001,32.080002,962100,30.025063
2012-11-08,32.139998999999996,32.459998999999996,31.5,31.690001000000002,1826000,29.660044
2012-11-09,31.540001,32.540001000000004,31.459999,32.25,2772500,30.184171999999997
2012-11-12,32.459998999999996,32.669998,32.150002,32.459998999999996,1797600,30.380719
2012-11-13,32.23,32.5,32.029999,32.189999,4479600,30.128014
2012-11-14,32.349998,32.490002000000004,31.82,31.93,1772400,29.88467
2012-11-15,31.790001,32.5,31.379998999999998,31.68,1763100,29.650684000000002
2012-11-16,31.870001000000002,32.220001,31.57,32.139998999999996,4471100,30.081217
2012-11-19,32.470001,33.75,32.290001000000004,33.369999,2102100,31.232427
2012-11-20,33.349998,33.450001,32.880001,33.400002,2112000,31.260508
2012-11-21,33.549999,33.709998999999996,33.43,33.599998,1011300,31.447694
2012-11-23,33.880001,34.099998,33.66,34.049999,807500,31.868869
2012-11-26,33.900002,34.299999,33.290001000000004,33.360001000000004,2272900,31.223069
2012-11-27,33.369999,33.779999,33.290001000000004,33.43,2183700,31.288584999999998
2012-11-28,33.27,33.75,33.200001,33.599998,1682700,31.447694
2012-11-29,33.82,34.110001000000004,33.779999,33.970001,2977300,31.793995000000002
2012-11-30,34.029999,34.279999,33.619999,33.990002000000004,2679400,31.812715
2012-12-03,34.240002000000004,34.259997999999996,33.43,33.5,1688700,31.354101
2012-12-04,33.790001000000004,34.0,33.509997999999996,33.900002,1832100,31.728478999999997
2012-12-05,34.07,34.139998999999996,33.619999,33.869999,1651600,31.700398999999997
2012-12-06,34.07,34.07,33.830002,33.93,1642000,31.756557
2012-12-07,34.009997999999996,34.099998,33.720001,33.970001,2145900,31.793995000000002
2012-12-10,35.5,37.900002,33.830002,34.049999,2150400,31.868869
2012-12-11,34.209998999999996,34.310001,33.970001,34.23,1670300,32.037339
2012-12-12,34.310001,34.759997999999996,34.209998999999996,34.389998999999996,5104200,32.187090000000005
2012-12-13,34.32,34.720001,34.119999,34.330002,2634300,32.130935
2012-12-14,34.23,34.360001000000004,34.049999,34.259997999999996,9622500,32.065416
2012-12-17,34.32,34.73,34.240002000000004,34.369999,2990900,32.16837
2012-12-18,34.360001000000004,34.59,34.139998999999996,34.450001,2403900,32.243248
2012-12-19,35.779999,35.91,35.139998999999996,35.650002,14334200,33.36638
2012-12-20,35.369999,36.09,35.23,36.040001000000004,6629100,33.731398
2012-12-21,35.720001,36.279999,35.619999,36.139998999999996,73242400,33.82499
2012-12-24,36.209998999999996,36.43,35.919998,36.279999,1599200,33.956022
2012-12-26,36.259997999999996,37.279999,36.189999,37.220001,3178500,34.835811
2012-12-27,37.16,38.240002000000004,37.119999,38.130001,4566800,35.687519
2012-12-28,37.93,38.099998,37.689999,37.720001,3667500,35.303783
2012-12-31,37.650002,38.279999,37.540001000000004,38.25,4785400,35.799831
2013-01-02,39.040001000000004,39.240002000000004,38.669998,38.880001,3903900,36.389477
2013-01-03,38.240002000000004,38.380001,37.799999,38.349998,4535900,35.893423999999996
2013-01-04,38.490002000000004,38.68,38.209998999999996,38.509997999999996,2725900,36.043175
2013-01-07,38.25,38.310001,37.810001,38.189999,2021000,35.743674
2013-01-08,38.169998,38.580002,38.049999,38.18,2485700,35.734316
2013-01-09,38.259997999999996,38.639998999999996,38.240002000000004,38.470001,3827400,36.00574
2013-01-10,38.830002,39.060001,38.400002,38.810001,3135000,36.323961
2013-01-11,38.630001,38.860001000000004,37.950001,38.09,1878700,35.650081
2013-01-14,38.07,38.16,37.34,37.619999,3360700,35.210186
2013-01-15,37.240002000000004,38.369999,37.240002000000004,38.290001000000004,3746700,35.837270000000004
2013-01-16,38.200001,38.389998999999996,37.689999,38.32,2151400,35.865347
2013-01-17,38.470001,39.27,38.470001,39.0,2818100,36.501789
2013-01-18,38.93,39.099998,38.290001000000004,38.82,2273600,36.333319
2013-01-22,38.689999,38.889998999999996,38.419998,38.849998,1667700,36.361396
2013-01-23,38.700001,38.990002000000004,38.48,38.650002,1956700,36.174209999999995
2013-01-24,38.68,39.09,38.68,38.869999,1536700,36.380115
2013-01-25,38.939999,39.299999,38.900002,39.27,2532500,36.754494
2013-01-28,39.369999,39.98,39.259997999999996,39.799999,3034900,37.250543
2013-01-29,39.599998,39.759997999999996,38.810001,39.59,2772200,37.053996000000005
2013-01-30,39.540001000000004,39.540001000000004,38.849998,38.880001,2070500,36.389477
2013-01-31,38.75,38.880001,38.290001000000004,38.66,2404700,36.183568
2013-02-01,38.82,39.25,38.810001,39.220001,2565100,36.707698
2013-02-04,39.029999,39.360001000000004,38.75,38.810001,2482200,36.323961
2013-02-05,38.98,39.84,38.91,39.34,5064500,36.820009999999996
2013-02-06,39.080002,39.18,38.48,38.599998,2419500,36.12741
2013-02-07,38.68,38.91,37.990002000000004,38.310001,2269700,35.855989
2013-02-08,38.299999,38.529999,38.080002,38.52,2216900,36.052537
2013-02-11,38.52,39.240002000000004,38.380001,39.189999,1678500,36.679617
2013-02-12,39.18,39.860001000000004,39.110001000000004,39.810001,2940900,37.259904
2013-02-13,39.810001,40.049999,39.740002000000004,39.950001,2281400,37.390935999999996
2013-02-14,39.740002000000004,40.009997999999996,39.709998999999996,39.970001,2137300,37.409655
2013-02-15,40.32,40.32,39.919998,39.98,2256700,37.419013
2013-02-19,40.080002,40.080002,39.57,39.759997999999996,1957800,37.213104
2013-02-20,39.669998,39.75,38.77,38.790001000000004,2145200,36.305242
2013-02-21,38.650002,38.73,37.459998999999996,37.91,1939700,35.481611
2013-02-22,38.0,38.369999,37.810001,38.369999,2102600,35.912144
2013-02-25,38.5,38.560001,38.07,38.130001,2291800,35.687519
2013-02-26,38.529999,40.110001000000004,38.279999,39.73,3741600,37.185027000000005
2013-02-27,39.759997999999996,42.02,39.599998,41.799999,7984900,39.122429
2013-02-28,41.830002,42.060001,41.610001000000004,41.849998,3388700,39.169226
2013-03-01,41.57,42.259997999999996,41.310001,42.200001,2907300,39.496808
2013-03-04,42.200001,42.400002,41.970001,42.27,2425300,39.562324
2013-03-05,42.560001,42.580002,42.16,42.5,2371300,39.777590000000004
2013-03-06,42.73,42.73,41.84,42.360001000000004,3212700,39.646559
2013-03-07,42.509997999999996,42.82,42.32,42.740002000000004,3382800,40.002218
2013-03-08,43.040001000000004,43.18,42.790001000000004,43.0,2493100,40.245562
2013-03-11,42.93,43.23,42.91,43.200001,2516700,40.432752
2013-03-12,43.259997999999996,43.27,42.959998999999996,43.029999,2523700,40.273639
2013-03-13,42.970001,43.259997999999996,42.869999,43.200001,2850300,40.593123
2013-03-14,43.299999,43.299999,43.049999,43.25,2235300,40.640105
2013-03-15,43.080002,43.560001,43.02,43.279999,6132800,40.668293
2013-03-18,42.799999,43.299999,42.419998,42.790001000000004,1835600,40.207864
2013-03-19,43.029999,43.130001,42.580002,43.110001000000004,1727300,40.508554
2013-03-20,43.43,43.490002000000004,43.02,43.34,1963300,40.724674
2013-03-21,43.09,43.470001,43.049999,43.380001,1375000,40.762260999999995
2013-03-22,43.470001,43.59,43.009997999999996,43.209998999999996,997000,40.602517999999996
2013-03-25,43.360001000000004,43.560001,42.790001000000004,42.919998,1630100,40.330017
2013-03-26,43.34,44.459998999999996,43.119999,44.450001,2104400,41.767692
2013-03-27,44.139998999999996,44.650002,44.080002,44.52,1698700,41.833467999999996
2013-03-28,44.52,44.52,44.02,44.400002,1978600,41.72071
2013-04-01,44.380001,44.450001,43.919998,44.0,878600,41.344846000000004
2013-04-02,44.279999,44.5,43.93,44.110001000000004,1404400,41.448209000000006
2013-04-03,44.060001,44.330002,43.139998999999996,43.360001000000004,1760200,40.743466999999995
2013-04-04,43.279999,43.509997999999996,42.779999,43.259997999999996,1419900,40.6495
2013-04-05,42.599998,42.830002,42.07,42.740002000000004,1285200,40.160882
2013-04-08,42.580002,43.09,42.299999,42.490002000000004,994200,39.925968
2013-04-09,42.59,42.93,42.040001000000004,42.5,1645700,39.935363
2013-04-10,42.73,43.639998999999996,42.490002000000004,43.639998999999996,1749000,41.00657
2013-04-11,43.740002000000004,44.540001000000004,43.630001,44.25,1828100,41.57976
2013-04-12,44.049999,44.900002,44.049999,44.889998999999996,1186800,42.181139
2013-04-15,44.529999,44.560001,42.32,42.32,2057300,39.766225
2013-04-16,42.720001,43.610001000000004,42.459998999999996,43.549999,4587500,40.922001
2013-04-17,43.209998999999996,43.240002000000004,41.34,41.869999,1510800,39.343379
2013-04-18,41.889998999999996,42.169998,40.779999,40.939999,1728700,38.469499
2013-04-19,41.240002000000004,41.93,40.990002000000004,41.84,1011600,39.315191
2013-04-22,42.0,42.459998999999996,41.400002,42.209998999999996,560000,39.662862
2013-04-23,42.509997999999996,42.990002000000004,42.419998,42.919998,1365100,40.330017
2013-04-24,43.040001000000004,43.869999,43.029999,43.790001000000004,2626600,41.14752
2013-04-25,44.080002,44.779999,44.080002,44.68,2351400,41.983813
2013-04-26,44.740002000000004,45.080002,44.290001000000004,44.700001,2444200,42.002606
2013-04-29,44.869999,45.509997999999996,44.689999,45.330002,2498100,42.594590000000004
2013-04-30,45.470001,46.209998999999996,45.16,46.209998999999996,2285000,43.421485
2013-05-01,46.009997999999996,46.709998999999996,44.610001000000004,45.470001,3172800,42.726141
2013-05-02,45.650002,46.349998,45.380001,45.5,1915900,42.754329999999996
2013-05-03,46.110001000000004,46.5,45.68,45.740002000000004,3135800,42.979849
2013-05-06,45.77,46.380001,45.77,46.27,3356300,43.477865
2013-05-07,46.5,46.540001000000004,45.98,46.310001,2179100,43.515452
2013-05-08,46.400002,46.549999,46.0,46.099998,2099800,43.318121999999995
2013-05-09,46.16,46.299999,44.990002000000004,45.240002000000004,2299800,42.510021
2013-05-10,45.389998999999996,46.09,45.240002000000004,45.400002,1833300,42.660365999999996
2013-05-13,45.240002000000004,45.84,45.16,45.560001,1828600,42.971616999999995
2013-05-14,45.599998,46.360001000000004,45.380001,46.330002,2345200,43.697872
2013-05-15,46.27,46.630001,46.220001,46.529999,3662900,43.886507
2013-05-16,46.439999,47.400002,46.400002,47.0,2372800,44.329806
2013-05-17,47.080002,48.57,47.07,48.52,4484900,45.763451
2013-05-20,48.509997999999996,48.889998999999996,48.400002,48.790001000000004,2524700,46.018112
2013-05-21,48.799999,49.25,48.759997999999996,49.049999,2110600,46.263339
2013-05-22,49.150002,49.630001,48.459998999999996,48.77,2164300,45.999248
2013-05-23,48.220001,48.57,47.900002,48.349998,1531300,45.603107
2013-05-24,47.950001,48.169998,47.709998999999996,48.049999,1069300,45.320152
2013-05-28,48.57,50.049999,48.57,49.82,2743000,46.989594
2013-05-29,49.310001,49.860001000000004,49.150002,49.549999,2072200,46.734933000000005
2013-05-30,49.540001000000004,49.959998999999996,49.220001,49.279999,2527400,46.480272
2013-05-31,49.209998999999996,49.59,48.759997999999996,48.810001,2482100,46.036976
2013-06-03,48.759997999999996,49.700001,47.900002,48.900002,2251700,46.121863
2013-06-04,48.82,49.25,48.360001000000004,48.759997999999996,1761000,45.989814
2013-06-05,48.57,48.73,47.869999,48.119999,2216700,45.386175
2013-06-06,48.200001,49.389998999999996,47.869999,49.389998999999996,2008300,46.584022999999995
2013-06-07,49.880001,50.419998,49.34,50.400002,1953800,47.536644
2013-06-10,50.84,50.860001000000004,50.259997999999996,50.66,1950200,47.781871
2013-06-11,50.110001000000004,50.110001000000004,49.5,49.900002,2337900,47.065051000000004
2013-06-12,50.349998,50.48,49.889998999999996,50.0,1824200,47.159368
2013-06-13,50.02,51.110001000000004,49.84,51.060001,1740300,48.159147999999995
2013-06-14,51.049999,51.279999,50.830002,51.220001,1576200,48.310058000000005
2013-06-17,51.900002,51.900002,50.720001,51.209998999999996,1861600,48.300624
2013-06-18,51.900002,52.0,51.34,51.93,2240900,48.97972
2013-06-19,52.060001,52.459998999999996,51.91,52.09,2443900,49.13063
2013-06-20,51.380001,51.459998999999996,50.049999,50.25,2340100,47.395165000000006
2013-06-21,50.830002,50.830002,49.040001000000004,49.689999,2965600,46.866978
2013-06-24,49.16,49.16,47.400002,48.169998,2112400,45.433333000000005
2013-06-25,48.689999,49.130001,48.610001000000004,49.009997999999996,1508700,46.225611
2013-06-26,49.52,50.740002000000004,49.099998,50.599998,1647800,47.725279
2013-06-27,50.860001000000004,51.509997999999996,50.700001,51.0,1397000,48.102554999999995
2013-06-28,51.0,51.25,50.669998,50.689999,3094800,47.810165999999995
2013-07-01,51.119999,52.34,51.119999,51.959998999999996,1416800,49.008014
2013-07-02,52.150002,52.279999,51.59,51.93,1200300,48.97972
2013-07-03,51.529999,51.650002,51.349998,51.619999,619400,48.687329999999996
2013-07-05,52.200001,52.59,51.830002,52.419998,1246800,49.441879
2013-07-08,53.080002,53.849998,53.080002,53.630001,2049500,50.583139
2013-07-09,54.130001,54.25,53.400002,53.779999,2289600,50.724615
2013-07-10,53.759997999999996,53.93,53.48,53.779999,1742900,50.724615
2013-07-11,54.380001,54.810001,54.040001000000004,54.77,5653900,51.658372
2013-07-12,54.509997999999996,54.959998999999996,54.509997999999996,54.93,1185800,51.809282
2013-07-15,55.07,55.369999,54.869999,55.0,1513900,51.875305
2013-07-16,54.189999,54.509997999999996,53.650002,54.0,2273400,50.932117
2013-07-17,54.330002,54.68,54.25,54.439999,1337400,51.347118
2013-07-18,54.75,55.220001,54.509997999999996,55.09,1759900,51.960192
2013-07-19,55.150002,55.23,54.630001,54.950001,1169400,51.828146000000004
2013-07-22,55.169998,55.400002,54.799999,55.099998,1504200,51.969621999999994
2013-07-23,55.360001000000004,55.66,54.599998,54.630001,1241200,51.526326
2013-07-24,55.060001,55.580002,54.950001,55.490002000000004,2259400,52.337468
2013-07-25,55.220001,55.650002,54.939999,55.529999,1200300,52.375192999999996
2013-07-26,55.290001000000004,55.799999,55.279999,55.720001,1498600,52.554401
2013-07-29,55.439999,55.790001000000004,55.080002,55.200001,757400,52.063943
2013-07-30,55.560001,55.75,54.91,55.32,1482900,52.177124
2013-07-31,54.630001,54.98,53.259997999999996,53.720001,4051200,50.668026
2013-08-01,54.369999,55.900002,54.209998999999996,55.43,4126400,52.280875
2013-08-02,55.25,55.950001,55.09,55.849998,1623100,52.677012
2013-08-05,55.75,56.029999,55.599998,55.91,1033900,52.733605000000004
2013-08-06,55.860001000000004,56.18,55.490002000000004,55.630001,1394900,52.469514000000004
2013-08-07,55.450001,55.509997999999996,54.59,54.91,1049600,51.790418
2013-08-08,55.189999,55.810001,55.169998,55.549999,1526100,52.394057000000004
2013-08-09,55.889998999999996,56.41,55.360001000000004,55.560001,1394800,52.403490999999995
2013-08-12,55.349998,55.889998999999996,55.110001000000004,55.68,1208000,52.516672
2013-08-13,55.880001,56.810001,55.450001,56.799999,1412000,53.573041
2013-08-14,56.93,56.93,55.52,55.549999,1748200,52.551341
2013-08-15,54.919998,55.009997999999996,53.720001,54.200001,1570500,51.274217
2013-08-16,53.860001000000004,55.509997999999996,53.84,54.959998999999996,1658600,51.993190000000006
2013-08-19,54.950001,55.169998,54.59,54.709998999999996,936500,51.756685
2013-08-20,54.73,54.959998999999996,54.34,54.73,1428300,51.775605999999996
2013-08-21,54.57,55.150002,54.389998999999996,54.43,904400,51.491801
2013-08-22,54.5,55.18,54.48,54.720001,998200,51.766147
2013-08-23,54.830002,55.950001,54.799999,55.560001,1539200,52.560803
2013-08-26,55.57,56.200001,55.43,55.639998999999996,1359000,52.636483
2013-08-27,55.040001000000004,55.040001000000004,53.93,53.93,2090800,51.018792
2013-08-28,53.790001000000004,55.669998,53.07,55.310001,2943800,52.324298999999996
2013-08-29,55.049999,55.790001000000004,54.900002,55.509997999999996,1706900,52.5135
2013-08-30,55.52,55.889998999999996,54.66,55.02,1558800,52.049952000000005
2013-09-03,55.75,56.240002000000004,55.560001,55.98,1499400,52.95812900000001
2013-09-04,56.009997999999996,56.830002,55.299999,56.68,1588100,53.620343000000005
2013-09-05,56.84,58.259997999999996,56.709998999999996,57.470001,2214500,54.367699
2013-09-06,57.5,57.84,56.400002,56.5,1742900,53.45006
2013-09-09,56.560001,57.0,56.509997999999996,56.540001000000004,2397800,53.487901
2013-09-10,57.0,57.720001,57.0,57.400002,1305900,54.301478
2013-09-11,57.389998999999996,57.849998,57.139998999999996,57.650002,1800600,54.537983
2013-09-12,57.560001,57.59,55.959998999999996,56.560001,1674200,53.506822
2013-09-13,56.59,56.91,56.009997999999996,56.900002,1285800,53.82846899999999
2013-09-16,57.799999,57.799999,56.970001,57.02,897500,53.941990000000004
2013-09-17,57.099998,57.369999,56.470001,57.080002,1576400,53.998752
2013-09-18,57.060001,57.869999,56.349998,57.360001000000004,2037700,54.263636
2013-09-19,57.720001,58.380001,57.630001,58.110001000000004,1557200,54.97315
2013-09-20,58.360001000000004,58.599998,57.880001,58.0,2802800,54.869088
2013-09-23,57.709998999999996,57.970001,56.619999,57.310001,1021400,54.216336
2013-09-24,57.200001,58.470001,57.110001000000004,57.98,1429900,54.850167000000006
2013-09-25,58.139998999999996,58.189999,57.419998,57.669998,1147200,54.5569
2013-09-26,57.860001000000004,58.5,57.73,58.369999,809800,55.219114000000005
2013-09-27,58.110001000000004,58.5,57.970001,58.439999,1335600,55.285334999999996
2013-09-30,57.950001,58.5,57.310001,58.419998,2093000,55.266414000000005
2013-10-01,58.700001,59.540001000000004,57.98,58.830002,5519200,55.654284999999994
2013-10-02,58.540001000000004,58.540001000000004,57.599998,58.209998999999996,1535300,55.067751
2013-10-03,57.849998,58.25,56.91,57.540001000000004,2087000,54.43391999999999
2013-10-04,57.580002,58.459998999999996,57.580002,58.009997999999996,3688300,54.87854599999999
2013-10-07,57.470001,58.189999,57.119999,57.77,1139400,54.651504
2013-10-08,57.75,58.0,55.860001000000004,55.880001,2301600,52.86352900000001
2013-10-09,55.959998999999996,56.32,54.630001,55.91,2713600,52.891907999999994
2013-10-10,56.23,57.880001,55.91,57.720001,2036100,54.604204
2013-10-11,57.630001,57.849998,56.959998999999996,57.310001,2197300,54.216336
2013-10-14,56.810001,57.779999,56.369999,57.380001,2292400,54.282557
2013-10-15,57.119999,57.580002,56.630001,56.900002,989100,53.82846899999999
2013-10-16,57.630001,59.060001,57.459998999999996,59.060001,2105300,55.871869
2013-10-17,58.939999,60.049999,58.84,60.040001000000004,1905000,56.798967000000005
2013-10-18,60.299999,60.299999,59.619999,60.0,3907100,56.761125
2013-10-21,60.23,60.299999,59.150002,59.490002000000004,1048900,56.278656999999995
2013-10-22,59.82,60.049999,58.880001,59.41,1402200,56.202974
2013-10-23,59.310001,59.369999,57.529999,57.900002,2026900,54.774487
2013-10-24,58.099998,58.459998999999996,57.669998,58.240002000000004,1082300,55.096134
2013-10-25,58.82,58.939999,57.669998,58.029999,1987100,54.897467000000006
2013-10-28,57.91,58.080002,56.919998,57.02,1725900,53.941990000000004
2013-10-29,56.990002000000004,57.0,56.349998,56.59,3470700,53.535202000000005
2013-10-30,56.84,57.43,56.099998,56.57,2873800,53.516281000000006
2013-10-31,56.41,57.57,56.349998,57.200001,1162800,54.112274
2013-11-01,57.200001,57.580002,56.610001000000004,57.509997999999996,1426700,54.405537
2013-11-04,57.57,58.040001000000004,57.25,58.0,1873900,54.869088
2013-11-05,54.43,55.75,53.400002,55.009997999999996,4038700,52.040490000000005
2013-11-06,55.98,56.669998,55.0,55.860001000000004,2578100,52.844607999999994
2013-11-07,55.919998,56.07,53.830002,54.02,3031000,51.103934
2013-11-08,54.02,55.48,54.02,55.419998,1864400,52.428358
2013-11-11,55.119999,55.34,54.419998,54.799999,1457200,51.841827
2013-11-12,54.740002000000004,55.23,54.57,55.169998,2116000,52.191853
2013-11-13,54.700001,55.869999,54.669998,55.869999,1454900,53.017435
2013-11-14,55.830002,57.080002,55.810001,56.950001,1487100,54.042294999999996
2013-11-15,57.34,58.099998,57.060001,58.080002,2391600,55.114602000000005
2013-11-18,58.130001,58.330002,57.400002,57.669998,1639900,54.725531999999994
2013-11-19,57.790001000000004,58.490002000000004,56.009997999999996,56.189999,3574200,53.321096999999995
2013-11-20,56.66,57.299999,56.290001000000004,56.900002,2874900,53.994849
2013-11-21,57.060001,58.200001,57.0,57.860001000000004,1246000,54.905832999999994
2013-11-22,57.959998999999996,58.040001000000004,57.419998,57.880001,1083800,54.924813
2013-11-25,58.25,58.419998,57.549999,57.66,1168600,54.716044
2013-11-26,57.900002,58.060001,57.369999,57.700001,1658700,54.754003000000004
2013-11-27,58.060001,58.330002,57.810001,58.029999,695900,55.067152
2013-11-29,58.450001,58.959998999999996,58.040001000000004,58.549999,691300,55.560603
2013-12-02,58.389998999999996,58.860001000000004,57.610001000000004,57.790001000000004,950700,54.839408
2013-12-03,57.330002,57.68,56.75,57.220001,1677200,54.29851
2013-12-04,56.849998,57.75,56.689999,57.470001,1846600,54.535745999999996
2013-12-05,57.259997999999996,58.27,57.259997999999996,57.48,1813900,54.545233999999994
2013-12-06,58.369999,58.75,57.860001000000004,58.439999,1794900,55.45621800000001
2013-12-09,58.66,59.330002,58.119999,58.240002000000004,1579700,55.266433
2013-12-10,57.98,59.18,57.630001,59.119999,2132300,56.1015
2013-12-11,58.73,59.029999,57.43,57.650002,1511300,54.706556000000006
2013-12-12,57.5,58.139998999999996,57.490002000000004,57.869999,700200,54.915321
2013-12-13,58.189999,58.93,58.049999,58.599998,1475900,55.608049
2013-12-16,58.860001000000004,59.709998999999996,58.860001000000004,59.630001,1266700,56.585463
2013-12-17,59.540001000000004,60.27,59.34,59.810001,1897000,56.756273
2013-12-18,59.799999,60.209998999999996,58.73,60.130001,2433100,57.059934
2013-12-19,60.099998,60.209998999999996,58.880001,58.970001,1348900,55.95916
2013-12-20,59.110001000000004,59.200001,58.299999,58.349998,2980400,55.370813
2013-12-23,58.939999,59.599998,58.720001,59.439999,1373400,56.405161
2013-12-24,59.669998,60.189999,59.610001000000004,59.990002000000004,623500,56.927082999999996
2013-12-26,60.209998999999996,60.419998,59.919998,60.049999,946300,56.984017
2013-12-27,60.209998999999996,60.32,59.619999,59.830002,527800,56.775252
2013-12-30,59.700001,60.16,59.580002,59.84,667200,56.78474
2013-12-31,59.919998,60.209998999999996,59.66,60.130001,702000,57.059934
2014-01-02,59.639998999999996,60.0,58.950001,59.419998,747000,56.386182
2014-01-03,59.540001000000004,59.880001,59.07,59.27,891800,56.243843000000005
2014-01-06,59.810001,59.860001000000004,58.849998,59.279999,1311500,56.253330000000005
2014-01-07,59.740002000000004,60.560001,59.419998,60.34,3080200,57.259211
2014-01-08,60.450001,61.09,60.209998999999996,60.759997999999996,2916000,57.657765000000005
2014-01-09,60.82,61.18,60.040001000000004,60.619999,1812500,57.524914
2014-01-10,60.98,61.59,60.91,61.470001,1848900,58.331518
2014-01-13,61.139998999999996,61.799999,59.98,60.200001,1335100,57.12636
2014-01-14,60.880001,62.040001000000004,59.939999,61.98,2336800,58.815477
2014-01-15,62.209998999999996,62.98,61.48,62.41,3033800,59.223523
2014-01-16,62.220001,62.540001000000004,61.77,62.220001,1130600,59.043225
2014-01-17,62.299999,62.830002,62.189999,62.700001,2714400,59.498717000000006
2014-01-21,63.080002,63.34,62.650002,63.0,3250100,59.783398999999996
2014-01-22,63.130001,63.419998,62.650002,63.25,2152400,60.020635
2014-01-23,62.75,62.93,61.860001000000004,62.299999,1831900,59.119138
2014-01-24,62.07,62.310001,59.799999,59.919998,1765000,56.860653000000006
2014-01-27,60.189999,60.349998,59.150002,59.59,1558800,56.547504
2014-01-28,59.939999,60.27,59.490002000000004,60.040001000000004,1909000,56.974529000000004
2014-01-29,59.689999,60.169998,59.57,59.830002,2195700,56.775252
2014-01-30,60.360001000000004,61.34,60.139998999999996,60.98,2709800,57.866533999999994
2014-01-31,59.91,61.18,59.779999,60.889998999999996,1788400,57.78112900000001
2014-02-03,61.07,61.130001,58.959998999999996,59.130001,3055300,56.110991000000006
2014-02-04,59.25,60.290001000000004,58.220001,60.009997999999996,2310300,56.946057999999994
2014-02-05,59.560001,61.029999,59.540001000000004,60.970001,3628100,57.857046
2014-02-06,61.189999,61.82,60.84,61.549999,2394900,58.407431
2014-02-07,61.779999,62.43,61.59,62.41,1339900,59.223523
2014-02-10,62.259997999999996,62.68,62.02,62.580002,972400,59.384845
2014-02-11,62.709998999999996,63.169998,62.48,62.970001,1917800,59.754932
2014-02-12,63.459998999999996,64.300003,63.330002,64.089996,2231500,60.81774300000001
2014-02-13,63.540001000000004,64.389999,63.310001,64.16999799999999,2074000,61.132123
2014-02-14,63.990002000000004,64.32,63.75,64.120003,1482100,61.084495
2014-02-18,64.43,65.25,63.919998,64.980003,1958700,61.90378199999999
2014-02-19,64.879997,65.620003,64.769997,65.150002,2454100,62.065732
2014-02-20,65.139999,65.93,65.010002,65.709999,2514800,62.599219
2014-02-21,66.019997,66.16999799999999,65.709999,65.910004,2002800,62.78975500000001
2014-02-24,65.980003,66.779999,65.889999,66.510002,1937700,63.361349
2014-02-25,66.360001,66.980003,66.150002,66.440002,4130300,63.294663
2014-02-26,66.660004,67.160004,66.349998,66.82,1438300,63.656670999999996
2014-02-27,66.720001,66.75,66.040001,66.610001,2191000,63.456613
2014-02-28,66.68,67.08000200000001,66.08000200000001,66.57,2079800,63.41850600000001
2014-03-03,65.849998,66.540001,65.360001,66.269997,2014000,63.132706000000006
2014-03-04,67.199997,67.349998,66.790001,66.82,1795600,63.656670999999996
2014-03-05,66.91999799999999,67.309998,65.480003,65.809998,2670700,62.694483
2014-03-06,66.139999,67.07,66.129997,66.959999,2476900,63.790043000000004
2014-03-07,67.110001,67.339996,66.470001,66.629997,1342400,63.475663
2014-03-10,66.559998,67.059998,66.550003,66.860001,2463900,63.694778
2014-03-11,67.0,67.91999799999999,66.870003,67.769997,3295200,64.56169399999999
2014-03-12,67.480003,67.82,66.68,67.16999799999999,2709300,63.9901
2014-03-13,67.360001,67.410004,65.519997,65.760002,2172600,62.646855
2014-03-14,65.720001,66.019997,64.93,64.970001,1915500,61.894253000000006
2014-03-17,65.57,66.559998,65.57,66.519997,2055800,63.37087
2014-03-18,66.790001,67.610001,66.730003,67.510002,1384200,64.314008
2014-03-19,67.720001,67.82,66.610001,67.150002,1459000,63.97105
2014-03-20,66.980003,67.68,66.769997,67.510002,1429500,64.314008
2014-03-21,68.139999,68.139999,66.410004,66.639999,2027000,63.485192000000005
2014-03-24,66.989998,67.199997,65.599998,66.25,1349400,63.113656000000006
2014-03-25,66.860001,66.91999799999999,65.349998,65.43,2126800,62.332475
2014-03-26,65.75,66.510002,65.110001,65.379997,1495400,62.28484
2014-03-27,65.360001,65.82,64.889999,65.66999799999999,1590700,62.561112
2014-03-28,65.800003,66.900002,65.660004,66.739998,1515700,63.580456000000005
2014-03-31,67.33000200000001,68.010002,67.199997,67.860001,1879000,64.647437
2014-04-01,68.129997,69.790001,67.949997,69.5,4313800,66.209797
2014-04-02,69.730003,70.489998,69.68,70.110001,3631700,66.79092
2014-04-03,69.620003,70.150002,69.5,69.730003,2476900,66.428912
2014-04-04,70.099998,70.139999,67.589996,67.809998,1663900,64.599801
2014-04-07,67.660004,67.66999799999999,65.550003,65.91999799999999,2268100,62.799276
2014-04-08,65.730003,66.260002,64.760002,66.110001,2745200,62.980284
2014-04-09,66.41999799999999,68.349998,66.360001,68.290001,2096800,65.05708100000001
2014-04-10,68.08000200000001,68.519997,66.5,66.629997,2416900,63.475663
2014-04-11,66.379997,66.480003,64.860001,64.900002,2992100,61.827567
2014-04-14,65.66999799999999,65.720001,64.760002,65.620003,1652700,62.513482999999994
2014-04-15,65.940002,66.43,64.33000200000001,65.660004,2610800,62.551590000000004
2014-04-16,66.519997,66.769997,65.699997,65.900002,3506300,62.780226
2014-04-17,65.870003,67.690002,65.75,67.199997,1800800,64.018679
2014-04-21,68.18,68.18,66.790001,67.839996,891900,64.62838
2014-04-22,68.07,69.010002,67.730003,68.83000200000001,1395000,65.571517
2014-04-23,68.800003,69.129997,68.370003,68.75,1582900,65.495303
2014-04-24,69.610001,70.489998,67.300003,68.339996,2023500,65.104709
2014-04-25,67.910004,68.0,66.029999,66.480003,1975000,63.33277
2014-04-28,66.66999799999999,66.889999,64.760002,65.82,1974400,62.704012
2014-04-29,66.230003,66.519997,65.620003,66.230003,1416400,63.094606000000006
2014-04-30,66.120003,66.900002,65.610001,66.839996,1269200,63.675720999999996
2014-05-01,66.760002,67.839996,66.690002,67.099998,1277100,63.923414
2014-05-02,67.199997,68.370003,67.18,67.879997,1308600,64.666487
2014-05-05,67.550003,67.980003,66.900002,67.93,1076800,64.714123
2014-05-06,67.82,67.93,67.120003,67.269997,647300,64.085364
2014-05-07,67.440002,67.900002,66.730003,67.519997,1158200,64.32352900000001
2014-05-08,67.559998,68.07,66.349998,66.650002,1367300,63.494721
2014-05-09,66.610001,66.870003,65.760002,66.839996,1061400,63.675720999999996
2014-05-12,66.91999799999999,67.449997,66.75,67.389999,1194500,64.440712
2014-05-13,67.629997,67.800003,67.25,67.459999,779500,64.507648
2014-05-14,67.440002,67.589996,66.870003,66.970001,887900,64.03909399999999
2014-05-15,66.910004,66.949997,65.230003,65.959999,1182500,63.073294999999995
2014-05-16,65.540001,66.209999,65.18,66.019997,1075000,63.130666000000005
2014-05-19,66.410004,67.349998,66.349998,66.720001,2431300,63.800036
2014-05-20,66.510002,67.489998,66.290001,66.879997,1681600,63.953029
2014-05-21,67.07,67.889999,67.07,67.529999,1106800,64.574584
2014-05-22,67.629997,68.07,67.43,67.870003,1020000,64.89970799999999
2014-05-23,68.08000200000001,70.110001,67.980003,70.0,2053900,66.936487
2014-05-27,70.480003,70.779999,70.139999,70.400002,1609800,67.318983
2014-05-28,70.389999,70.440002,69.410004,69.43,1982800,66.39143299999999
2014-05-29,69.599998,69.980003,69.0,69.209999,1418100,66.18106
2014-05-30,69.059998,69.589996,68.790001,69.059998,1783400,66.037623
2014-06-02,69.139999,69.339996,68.300003,68.839996,1186900,65.82725
2014-06-03,68.32,70.110001,68.32,69.690002,1273500,66.640056
2014-06-04,69.349998,70.339996,68.940002,70.019997,1703900,66.955608
2014-06-05,70.139999,70.93,69.690002,70.510002,1845900,67.42416899999999
2014-06-06,71.050003,71.269997,70.550003,70.739998,1596100,67.644099
2014-06-09,70.57,70.980003,70.110001,70.239998,1170100,67.165981
2014-06-10,70.089996,70.57,69.75,69.949997,1710700,66.888672
2014-06-11,69.519997,69.709999,68.809998,69.239998,1434800,66.209746
2014-06-12,69.040001,69.290001,67.239998,67.349998,1569200,64.402461
2014-06-13,67.510002,68.370003,67.440002,67.989998,2011900,65.014452
2014-06-16,67.68,68.16999799999999,67.290001,67.709999,1756900,64.746707
2014-06-17,67.790001,67.900002,67.290001,67.610001,1534300,64.651085
2014-06-18,67.57,68.0,66.889999,67.949997,1308500,64.976201
2014-06-19,68.410004,68.41999799999999,67.220001,67.379997,1694300,64.431147
2014-06-20,67.540001,67.75,67.290001,67.379997,2575800,64.431147
2014-06-23,67.559998,67.559998,66.709999,66.839996,2625700,63.914779
2014-06-24,66.879997,67.959999,66.82,67.550003,3412800,64.593713
2014-06-25,67.309998,68.400002,67.220001,68.0,2591200,65.024016
2014-06-26,67.970001,68.410004,67.019997,68.160004,2945300,65.177017
2014-06-27,67.800003,68.889999,67.550003,68.5,17437700,65.502134
2014-06-30,68.379997,69.150002,68.019997,68.739998,4004200,65.731628
2014-07-01,69.07,69.959999,69.07,69.82,3304100,66.764364
2014-07-02,69.660004,70.08000200000001,69.599998,69.870003,2732400,66.812179
2014-07-03,70.279999,70.639999,70.040001,70.220001,1194700,67.14686
2014-07-07,70.089996,70.089996,69.349998,69.599998,1793700,66.553991
2014-07-08,69.370003,69.510002,68.610001,69.389999,2345000,66.353183
2014-07-09,69.440002,70.0,69.139999,69.75,1730000,66.697428
2014-07-10,68.75,69.910004,68.739998,69.470001,2710500,66.429683
2014-07-11,69.339996,69.910004,69.339996,69.559998,1109500,66.515741
2014-07-14,70.0,70.18,69.620003,69.75,1566800,66.697428
2014-07-15,69.639999,70.110001,68.970001,69.550003,1320900,66.50618399999999
2014-07-16,69.870003,69.870003,68.989998,69.07,1637200,66.047188
2014-07-17,68.639999,69.400002,67.980003,68.129997,1846700,65.148324
2014-07-18,68.309998,68.720001,67.970001,68.610001,1701100,65.60732
2014-07-21,68.510002,68.83000200000001,68.18,68.32,1559200,65.330011
2014-07-22,68.739998,69.300003,68.650002,68.949997,1710100,65.932437
2014-07-23,69.099998,69.309998,68.58000200000001,68.75,934800,65.74119300000001
2014-07-24,68.849998,69.370003,68.459999,68.620003,969300,65.616885
2014-07-25,68.470001,68.910004,68.32,68.790001,1170300,65.779443
2014-07-28,68.93,69.089996,68.389999,68.959999,1451000,65.942001
2014-07-29,69.07,69.410004,67.900002,67.949997,1697500,64.976201
2014-07-30,68.099998,68.239998,67.230003,67.58000200000001,2312500,64.622399
2014-07-31,66.110001,67.839996,65.410004,66.800003,2731300,63.876536
2014-08-01,66.839996,67.860001,66.550003,66.879997,2391700,63.953029
2014-08-04,67.129997,68.029999,67.010002,67.82,1147900,64.851893
2014-08-05,68.239998,69.480003,68.040001,68.440002,2134200,65.444762
2014-08-06,67.849998,68.440002,67.489998,68.010002,1369700,65.03358
2014-08-07,68.300003,68.449997,67.160004,67.309998,1526900,64.364211
2014-08-08,67.300003,68.529999,67.199997,68.470001,2330400,65.473448
2014-08-11,68.620003,68.730003,67.900002,68.019997,1009900,65.281494
2014-08-12,67.900002,68.360001,67.529999,67.809998,774200,65.07995
2014-08-13,68.279999,68.449997,67.75,68.190002,1077300,65.44465600000001
2014-08-14,68.5,69.050003,68.269997,69.010002,944700,66.23164200000001
2014-08-15,69.190002,69.260002,68.110001,68.650002,1388200,65.886135
2014-08-18,69.16999799999999,69.470001,69.07,69.33000200000001,1305700,66.538758
2014-08-19,69.480003,70.040001,69.470001,69.790001,1099200,66.980238
2014-08-20,69.459999,70.730003,69.459999,70.589996,1074900,67.748025
2014-08-21,70.739998,70.93,70.230003,70.650002,1212500,67.805614
2014-08-22,70.489998,70.91999799999999,70.050003,70.629997,1259300,67.786416
2014-08-25,70.68,71.33000200000001,70.68,70.739998,1044300,67.891987
2014-08-26,70.980003,71.150002,69.889999,70.010002,1814200,67.19138199999999
2014-08-27,70.489998,70.550003,69.349998,69.5,1799500,66.701912
2014-08-28,69.459999,69.470001,69.010002,69.33000200000001,1586600,66.538758
2014-08-29,69.410004,69.650002,68.93,69.58000200000001,871700,66.778693
2014-09-02,69.699997,70.43,69.699997,70.309998,1025900,67.479299
2014-09-03,70.029999,70.739998,69.839996,70.010002,882200,67.19138199999999
2014-09-04,70.0,70.540001,70.0,70.25,1082900,67.421717
2014-09-05,70.059998,70.589996,69.5,70.480003,1073100,67.64246
2014-09-08,70.58000200000001,71.959999,70.489998,71.410004,1908200,68.53501899999999
2014-09-09,71.099998,71.940002,70.949997,71.239998,2067600,68.37185699999999
2014-09-10,71.139999,71.410004,70.349998,70.860001,1514900,68.007159
2014-09-11,70.5,70.940002,70.230003,70.470001,1506800,67.632861
2014-09-12,70.370003,70.470001,69.790001,70.16999799999999,1647100,67.344936
2014-09-15,70.089996,70.300003,68.720001,69.08000200000001,1950400,66.298823
2014-09-16,68.959999,68.959999,67.190002,67.239998,2764500,64.532898
2014-09-17,67.43,67.629997,66.400002,66.57,3500700,63.889875
2014-09-18,66.699997,67.029999,65.849998,65.889999,3884000,63.237251
2014-09-19,66.0,66.230003,65.309998,65.440002,5563600,62.805370999999994
2014-09-22,65.75,65.75,64.709999,65.010002,2303900,62.392683
2014-09-23,64.839996,65.160004,64.099998,64.309998,2357700,61.720861
2014-09-24,64.550003,65.089996,64.010002,64.559998,4509900,61.960795999999995
2014-09-25,64.489998,64.660004,63.939999,64.25,2085200,61.663279
2014-09-26,64.300003,64.489998,63.790001000000004,64.129997,2403100,61.548106999999995
2014-09-29,63.580002,64.139999,62.779999,62.799999,2377700,60.271655
2014-09-30,62.790001000000004,62.889998999999996,61.209998999999996,61.34,5989600,58.870436
2014-10-01,61.299999,62.049999,60.900002,61.18,3349400,58.716878
2014-10-02,61.009997999999996,62.650002,60.939999,62.52,2764200,60.002929
2014-10-03,63.009997999999996,63.669998,62.950001,63.25,2085500,60.703539
2014-10-06,63.459998999999996,63.889998999999996,63.220001,63.470001,1873200,60.914683
2014-10-07,63.07,63.639998999999996,62.709998999999996,62.709998999999996,2589700,60.185279
2014-10-08,62.689999,63.25,62.0,63.099998,3539100,60.559576
2014-10-09,63.84,63.84,61.57,61.759997999999996,2258100,59.273525
2014-10-10,61.68,61.700001,60.27,60.349998,2960200,57.920292
2014-10-13,60.299999,60.549999,58.23,58.299999,2824600,55.952826
2014-10-14,59.77,61.84,59.48,61.470001,4257500,58.995203000000004
2014-10-15,60.41,61.889998999999996,59.259997999999996,61.580002,4771300,59.100775
2014-10-16,60.52,62.529999,60.07,62.34,3087900,59.830176
2014-10-17,63.16,64.32,62.77,63.09,2546900,60.549981
2014-10-20,63.150002,63.779999,63.0,63.509997999999996,1640000,60.95307
2014-10-21,63.959998999999996,64.949997,63.740002000000004,64.949997,2006900,62.33509300000001
2014-10-22,64.83000200000001,65.989998,64.389999,64.41999799999999,2501200,61.826432999999994
2014-10-23,65.25,66.0,64.610001,65.699997,2461800,63.054898
2014-10-24,65.779999,66.900002,65.139999,66.779999,2708800,64.09141899999999
2014-10-27,66.900002,67.400002,65.970001,66.879997,1869400,64.187391
2014-10-28,67.199997,68.860001,66.900002,68.860001,2785000,66.08767900000001
2014-10-29,69.199997,69.209999,67.160004,67.720001,1955900,64.993577
2014-10-30,67.360001,68.199997,67.209999,67.739998,2174500,65.01276800000001
2014-10-31,68.68,69.360001,68.470001,68.980003,2236300,66.202851
2014-11-03,68.82,69.510002,68.739998,69.089996,1290900,66.308415
2014-11-04,68.769997,69.050003,67.82,68.440002,2285700,65.68459
2014-11-05,69.089996,70.230003,68.629997,69.940002,2427400,67.1242
2014-11-06,69.839996,70.449997,69.529999,70.43,1050100,67.594471
2014-11-07,70.07,70.410004,69.349998,69.589996,1246000,67.026204
2014-11-10,69.400002,70.010002,69.290001,69.870003,1012300,67.295895
2014-11-11,69.959999,71.050003,69.610001,70.239998,1283000,67.652259
2014-11-12,69.940002,70.769997,69.870003,70.449997,1469600,67.85452099999999
2014-11-13,70.519997,70.800003,70.43,70.709999,773400,68.10494399999999
2014-11-14,70.699997,70.959999,70.32,70.68,926300,68.076051
2014-11-17,70.599998,71.110001,70.400002,70.849998,854900,68.239786
2014-11-18,71.010002,71.870003,70.870003,71.739998,1721700,69.09699599999999
2014-11-19,71.389999,71.790001,71.07,71.099998,1929900,68.480576
2014-11-20,70.709999,71.5,70.599998,71.139999,1845400,68.519103
2014-11-21,72.0,72.08000200000001,71.470001,71.870003,1729200,69.222212
2014-11-24,72.230003,72.870003,72.220001,72.809998,1425200,70.127576
2014-11-25,73.139999,73.33000200000001,71.83000200000001,71.879997,2948300,69.231838
2014-11-26,72.040001,72.08000200000001,71.529999,71.779999,1138700,69.135524
2014-11-28,72.25,73.470001,71.839996,72.949997,847400,70.262417
2014-12-01,72.82,73.099998,72.110001,72.900002,1580200,70.214264
2014-12-02,73.019997,73.300003,72.43,73.209999,1720600,70.51284100000001
2014-12-03,73.459999,74.540001,73.410004,74.139999,1675500,71.408579
2014-12-04,74.300003,74.449997,73.190002,73.389999,1389200,70.68621
2014-12-05,73.510002,73.75,73.08000200000001,73.389999,1285700,70.68621
2014-12-08,73.029999,73.58000200000001,72.300003,72.739998,1411200,70.06015500000001
2014-12-09,71.900002,72.870003,71.730003,72.839996,1447800,70.156469
2014-12-10,72.739998,72.769997,70.879997,70.900002,1495700,68.287947
2014-12-11,71.400002,72.029999,71.040001,71.160004,1260800,68.53837
2014-12-12,70.510002,70.989998,69.769997,69.769997,1573900,67.199573
2014-12-15,70.599998,71.470001,69.610001,70.099998,2038900,67.51741700000001
2014-12-16,69.959999,70.849998,69.41999799999999,69.480003,1939500,66.920263
2014-12-17,69.480003,71.519997,69.449997,71.0,1362300,68.384261
2014-12-18,71.93,72.559998,71.230003,72.529999,1564500,69.857893
2014-12-19,72.900002,73.940002,72.760002,73.510002,2342900,70.80179100000001
2014-12-22,73.410004,73.910004,73.33000200000001,73.709999,1003100,70.99441999999999
2014-12-23,74.110001,74.879997,73.75,73.870003,862000,71.14852900000001
2014-12-24,73.940002,74.019997,73.400002,73.449997,428900,70.743997
2014-12-26,73.370003,74.019997,73.18,73.620003,772500,70.907739
2014-12-29,73.709999,74.440002,73.449997,73.790001,1481200,71.071475
2014-12-30,73.82,73.940002,73.269997,73.32,845400,70.618789
2014-12-31,73.58000200000001,73.83000200000001,72.720001,72.720001,1025900,70.04089499999999
2015-01-02,73.41999799999999,73.900002,71.769997,72.589996,1259100,69.91568000000001
2015-01-05,71.82,71.900002,69.360001,69.41999799999999,2574900,66.86246899999999
2015-01-06,69.510002,69.709999,68.379997,68.980003,2006400,66.438684
2015-01-07,69.349998,69.959999,68.980003,69.529999,1924500,66.968417
2015-01-08,70.199997,71.33000200000001,70.050003,71.239998,2409300,68.61541700000001
2015-01-09,71.269997,71.440002,70.040001,70.160004,2262900,67.575211
2015-01-12,70.16999799999999,70.33000200000001,68.650002,68.889999,2187900,66.351996
2015-01-13,69.349998,70.5,66.779999,67.650002,4097800,65.15768100000001
2015-01-14,66.800003,67.379997,66.550003,67.139999,3990100,64.66646800000001
2015-01-15,67.139999,68.010002,66.769997,67.139999,2455800,64.66646800000001
2015-01-16,67.010002,67.129997,66.099998,66.589996,3601500,64.136728
2015-01-20,67.400002,67.660004,66.559998,67.470001,3059900,64.984312
2015-01-21,67.489998,68.93,67.0,68.629997,2891300,66.101573
2015-01-22,69.160004,69.529999,68.339996,69.25,1829300,66.698734
2015-01-23,69.150002,69.800003,68.949997,69.66999799999999,1932500,67.103258
2015-01-26,69.480003,69.809998,69.059998,69.57,1613100,67.00694399999999
2015-01-27,68.849998,70.07,68.480003,69.800003,2180300,67.228474
2015-01-28,69.93,70.16999799999999,68.019997,68.16999799999999,2454000,65.658521
2015-01-29,68.33000200000001,69.389999,67.650002,69.16999799999999,1824600,66.621679
2015-01-30,68.650002,69.540001,68.519997,68.730003,1803300,66.19789399999999
2015-02-02,69.239998,70.860001,68.870003,70.809998,2296000,68.201259
2015-02-03,71.440002,72.970001,71.43,72.739998,3431800,70.06015500000001
2015-02-04,72.43,73.199997,72.43,72.75,2531900,70.069789
2015-02-05,73.730003,75.93,73.620003,75.879997,2743100,73.08447199999999
2015-02-06,76.32,77.910004,76.190002,77.160004,3154100,74.31732199999999
2015-02-09,76.370003,77.370003,76.360001,77.209999,2161900,74.365475
2015-02-10,78.089996,78.769997,77.41999799999999,78.589996,2265600,75.694631
2015-02-11,78.699997,78.940002,77.629997,77.910004,1908400,75.039691
2015-02-12,78.239998,78.43,77.839996,78.059998,2486900,75.184159
2015-02-13,77.900002,78.75,77.709999,78.699997,1592200,76.04412099999999
2015-02-17,78.779999,79.019997,78.0,78.5,1557700,75.85087299999999
2015-02-18,78.5,78.660004,78.0,78.440002,1456000,75.7929
2015-02-19,78.529999,79.800003,78.41999799999999,79.410004,1722900,76.73016700000001
2015-02-20,79.099998,79.32,77.839996,79.269997,2017100,76.59488499999999
2015-02-23,78.91999799999999,79.389999,78.839996,79.199997,1312100,76.527247
2015-02-24,79.160004,79.449997,78.809998,78.839996,1011500,76.179396
2015-02-25,78.91999799999999,80.150002,78.91999799999999,79.849998,1705700,77.155313
2015-02-26,79.58000200000001,79.809998,78.940002,79.059998,879100,76.391973
2015-02-27,79.040001,79.339996,78.58000200000001,78.839996,935200,76.179396
2015-03-02,78.839996,80.540001,78.839996,80.139999,1546000,77.435528
2015-03-03,79.980003,80.220001,79.260002,80.019997,1633000,77.319575
2015-03-04,81.529999,82.239998,79.739998,80.779999,3238400,78.05392900000001
2015-03-05,80.620003,80.790001,79.709999,80.129997,1287600,77.425863
2015-03-06,79.58000200000001,79.93,78.91999799999999,79.089996,1515200,76.420959
2015-03-09,78.41999799999999,79.239998,78.290001,78.980003,1865000,76.314678
2015-03-10,78.089996,78.25,77.059998,77.639999,1881200,75.01989499999999
2015-03-11,77.610001,78.379997,76.75,76.879997,2615600,74.28554
2015-03-12,77.32,78.190002,77.309998,77.940002,1449900,75.309774
2015-03-13,77.66999799999999,77.739998,76.459999,76.800003,2290000,74.208246
2015-03-16,77.360001,78.470001,77.300003,78.279999,1697500,75.638296
2015-03-17,77.66999799999999,78.459999,77.459999,78.209999,1066200,75.57065899999999
2015-03-18,77.75,79.32,77.529999,79.16999799999999,1812800,76.498261
2015-03-19,78.879997,79.220001,78.389999,79.18,1423900,76.507926
2015-03-20,79.489998,80.08000200000001,79.209999,79.959999,2969700,77.261602
2015-03-23,80.059998,80.32,79.800003,79.839996,1291200,77.145649
2015-03-24,79.629997,79.910004,78.93,79.220001,1146400,76.546577
2015-03-25,79.190002,79.410004,77.440002,77.459999,1301400,74.845969
2015-03-26,76.870003,77.08000200000001,76.230003,76.889999,2381800,74.29520500000001
2015-03-27,76.849998,77.599998,76.639999,77.489998,1318500,74.874955
2015-03-30,77.989998,79.260002,77.989998,79.209999,1114500,76.536912
2015-03-31,79.0,80.25,78.83000200000001,79.739998,2110600,77.049025
2015-04-01,80.230003,80.230003,78.16999799999999,78.849998,2301400,76.18906
2015-04-02,79.08000200000001,81.379997,78.699997,81.18,3362100,78.440432
2015-04-06,81.639999,85.08000200000001,81.050003,83.800003,3946700,80.972018
2015-04-07,83.349998,83.83000200000001,82.839996,82.879997,1699200,80.08305899999999
2015-04-08,82.860001,83.41999799999999,82.43,83.209999,1784100,80.401925
2015-04-09,83.239998,84.279999,83.199997,84.230003,2086600,81.387507
2015-04-10,84.860001,85.209999,84.360001,84.709999,2145900,81.851304
2015-04-13,84.91999799999999,84.970001,83.739998,83.970001,1121400,81.136279
2015-04-14,83.910004,84.339996,83.339996,84.120003,1464600,81.281219
2015-04-15,84.5,84.540001,83.66999799999999,83.75,1619000,80.923702
2015-04-16,83.879997,84.57,83.75,84.019997,1837300,81.184587
2015-04-17,83.459999,83.720001,82.75,83.269997,1669600,80.459898
2015-04-20,83.93,84.150002,83.089996,83.33000200000001,1548900,80.517878
2015-04-21,83.379997,83.529999,82.41999799999999,83.029999,1944500,80.227999
2015-04-22,83.230003,83.870003,82.510002,82.879997,1521600,80.08305899999999
2015-04-23,82.66999799999999,83.599998,82.120003,83.190002,1593600,80.382603
2015-04-24,83.510002,83.949997,83.290001,83.510002,1209500,80.691804
2015-04-27,83.32,83.980003,82.589996,82.720001,1555200,79.928463
2015-04-28,82.540001,83.019997,81.889999,82.68,1575500,79.889812
2015-04-29,82.57,82.849998,81.610001,81.93,1488600,79.165122
2015-04-30,81.08000200000001,83.440002,81.08000200000001,83.0,3270400,80.199012
2015-05-01,83.889999,84.440002,83.449997,84.339996,2395600,81.493788
2015-05-04,84.41999799999999,86.339996,84.41999799999999,86.040001,2168600,83.136423
2015-05-05,86.300003,86.519997,84.110001,84.129997,2327500,81.290876
2015-05-06,84.33000200000001,84.529999,83.58000200000001,84.5,1991500,81.648392
2015-05-07,84.410004,84.690002,83.610001,83.849998,1222800,81.020326
2015-05-08,84.739998,85.900002,84.550003,85.33000200000001,1064200,82.450384
2015-05-11,85.199997,85.879997,84.839996,84.839996,1598800,82.217798
2015-05-12,84.510002,85.910004,83.949997,85.620003,1460200,82.97369599999999
2015-05-13,85.690002,86.5,85.25,85.360001,1092900,82.72173000000001
2015-05-14,85.91999799999999,86.58000200000001,85.440002,86.550003,1319900,83.874953
2015-05-15,86.529999,87.260002,86.260002,87.25,1590800,84.553314
2015-05-18,87.25,87.489998,86.75,87.199997,1098700,84.504857
2015-05-19,87.300003,88.050003,87.059998,87.190002,1515600,84.495171
2015-05-20,87.050003,87.5,86.529999,86.849998,1590100,84.165676
2015-05-21,87.089996,88.040001,86.709999,87.290001,1614400,84.592079
2015-05-22,87.120003,88.08000200000001,86.660004,87.019997,1496600,84.33041999999999
2015-05-26,86.309998,86.980003,85.889999,86.18,1465500,83.516386
2015-05-27,86.68,87.410004,86.269997,87.16999799999999,1459800,84.475785
2015-05-28,86.989998,87.760002,86.739998,87.599998,1550200,84.892495
2015-05-29,88.029999,88.029999,86.93,86.980003,1645800,84.291663
2015-06-01,87.290001,87.290001,86.150002,86.83000200000001,1671400,84.146297
2015-06-02,86.379997,87.940002,86.260002,87.5,1477600,84.795588
2015-06-03,87.949997,88.739998,87.43,88.349998,1313400,85.619315
2015-06-04,87.970001,88.07,86.809998,87.040001,1587500,84.349806
2015-06-05,87.290001,87.639999,86.91999799999999,87.32,2101900,84.621151
2015-06-08,87.08000200000001,87.730003,86.790001,86.839996,1445800,84.15598299999999
2015-06-09,87.160004,87.58000200000001,86.25,86.57,1405500,83.89433100000001
2015-06-10,86.860001,88.449997,86.660004,88.300003,1303300,85.570864
2015-06-11,88.660004,88.66999799999999,87.620003,87.760002,1418100,85.047554
2015-06-12,87.699997,88.0,87.220001,87.57,1296700,84.863424
2015-06-15,87.360001,87.949997,86.82,87.309998,1707100,84.611458
2015-06-16,87.57,88.010002,86.82,87.66999799999999,1533200,84.96033100000001
2015-06-17,87.860001,89.110001,87.83000200000001,88.839996,1922200,86.09416800000001
2015-06-18,88.989998,89.720001,88.059998,89.050003,1690100,86.297684
2015-06-19,88.769997,89.879997,88.470001,89.160004,6052300,86.40428399999999
2015-06-22,90.57,90.57,88.709999,88.83000200000001,1991600,86.084482
2015-06-23,89.32,89.32,88.160004,88.540001,3199300,85.803445
2015-06-24,88.459999,88.779999,87.220001,87.91999799999999,2715700,85.202605
2015-06-25,88.739998,89.629997,88.199997,88.739998,1924700,85.99726
2015-06-26,88.730003,88.849998,87.900002,88.610001,12230000,85.87128100000001
2015-06-29,87.209999,87.83000200000001,84.139999,84.529999,3760600,81.91738199999999
2015-06-30,85.019997,85.519997,84.269997,85.089996,3097900,82.460071
2015-07-01,85.480003,86.059998,85.260002,86.0,1835900,83.341949
2015-07-02,86.07,86.309998,85.18,85.989998,2010500,83.332256
2015-07-06,85.150002,86.110001,84.260002,84.809998,2497100,82.188727
2015-07-07,84.910004,84.910004,82.32,84.040001,3283500,81.44252900000001
2015-07-08,82.309998,82.43,78.08000200000001,78.230003,6163000,75.812104
2015-07-09,81.68,81.68,77.800003,77.940002,3997400,75.53106600000001
2015-07-10,79.25,79.559998,78.800003,79.199997,4100400,76.752117
2015-07-13,80.029999,80.629997,79.360001,79.989998,2762900,77.517701
2015-07-14,79.839996,80.459999,79.760002,80.220001,1847700,77.740596
2015-07-15,80.239998,80.720001,79.91999799999999,80.720001,2044000,78.225142
2015-07-16,80.209999,80.260002,76.760002,76.800003,4812600,74.426301
2015-07-17,76.849998,78.010002,75.91999799999999,77.940002,3221700,75.53106600000001
2015-07-20,77.66999799999999,78.239998,76.970001,78.07,3706500,75.657046
2015-07-21,78.010002,78.480003,77.739998,78.379997,2313900,75.95746199999999
2015-07-22,78.150002,78.370003,77.239998,77.5,1748400,75.104663
2015-07-23,78.0,78.809998,77.57,77.82,3058300,75.414773
2015-07-24,78.660004,79.150002,77.139999,77.360001,1966500,74.968991
2015-07-27,76.57,76.739998,74.940002,75.370003,2478900,73.040499
2015-07-28,75.279999,77.75,75.269997,77.349998,2650700,74.959298
2015-07-29,77.470001,78.510002,77.349998,78.400002,2432200,75.976848
2015-07-30,76.58000200000001,78.260002,75.900002,77.5,3034500,75.104663
2015-07-31,79.010002,79.190002,77.120003,78.08000200000001,3300800,75.666739
2015-08-03,78.389999,78.550003,76.849998,77.160004,1815500,74.775175
2015-08-04,77.190002,78.440002,77.129997,77.82,2007200,75.414773
2015-08-05,78.300003,78.610001,77.230003,77.489998,1903300,75.09496999999999
2015-08-06,77.709999,78.139999,76.66999799999999,77.370003,2078700,74.978684
2015-08-07,77.699997,80.0,77.440002,79.190002,2677400,76.742432
2015-08-10,80.769997,81.629997,79.82,81.160004,2486400,78.900633
2015-08-11,79.480003,79.620003,77.32,77.709999,2955500,75.546672
2015-08-12,76.82,76.82,74.66999799999999,76.33000200000001,2970500,74.20509100000001
2015-08-13,76.010002,77.870003,75.889999,77.029999,3033300,74.885602
2015-08-14,77.160004,77.190002,75.980003,76.220001,2469100,74.098153
2015-08-17,76.089996,77.75,75.83000200000001,77.720001,1575600,75.556395
2015-08-18,77.989998,78.349998,77.529999,77.849998,1707200,75.682774
2015-08-19,77.559998,77.82,76.489998,77.0,1797700,74.856438
2015-08-20,76.0,76.790001,74.540001,74.610001,1890200,72.532972
2015-08-21,73.660004,74.589996,71.970001,72.07,3124200,70.063681
2015-08-24,68.610001,72.970001,66.269997,70.519997,3915500,68.556828
2015-08-25,73.120003,73.790001,70.16999799999999,70.230003,2575800,68.274908
2015-08-26,72.33000200000001,73.540001,71.139999,73.470001,2515200,71.424709
2015-08-27,74.290001,75.970001,73.519997,75.029999,3251200,72.94127900000001
2015-08-28,74.790001,75.790001,74.639999,75.349998,1950100,73.25237
2015-08-31,75.400002,76.940002,75.209999,75.519997,2033500,73.417636
2015-09-01,73.589996,74.360001,71.550003,72.029999,2403700,70.024794
2015-09-02,72.900002,73.089996,71.529999,72.779999,1691300,70.753915
2015-09-03,73.300003,74.519997,72.83000200000001,73.260002,1427000,71.220556
2015-09-04,71.839996,72.510002,71.0,72.010002,1677800,70.005354
2015-09-08,78.339996,78.339996,72.510002,75.550003,2164500,73.44680699999999
2015-09-09,76.43,78.349998,75.489998,75.66999799999999,1855900,73.563461
2015-09-10,75.43,75.660004,73.82,75.239998,2471000,73.145432
2015-09-11,75.139999,76.410004,74.110001,76.400002,2142100,74.273142
2015-09-14,76.389999,76.699997,75.989998,76.33000200000001,1392200,74.20509100000001
2015-09-15,76.239998,77.529999,76.199997,77.190002,2058700,75.041151
2015-09-16,77.5,79.83000200000001,77.389999,79.639999,2045600,77.422944
2015-09-17,79.449997,80.349998,78.860001,79.209999,2262700,77.004914
2015-09-18,78.019997,78.510002,77.129997,77.650002,3309800,75.488344
2015-09-21,78.18,78.18,76.370003,77.230003,1712400,75.080038
2015-09-22,76.360001,76.370003,73.07,74.440002,3516100,72.367707
2015-09-23,75.010002,75.010002,73.16999799999999,74.099998,1446700,72.03716800000001
2015-09-24,72.519997,73.489998,71.07,72.879997,2402000,70.85113
2015-09-25,73.83000200000001,74.110001,72.93,73.260002,1852500,71.220556
2015-09-28,72.43,72.489998,70.18,70.370003,1821300,68.41101
2015-09-29,70.559998,73.110001,69.58000200000001,72.940002,3040100,70.909464
2015-09-30,74.599998,76.129997,74.389999,76.040001,2620200,73.923164
2015-10-01,76.470001,77.559998,75.18,77.440002,2810100,75.284191
2015-10-02,76.029999,78.040001,75.760002,77.980003,1874100,75.809159
2015-10-05,78.620003,79.0,77.709999,78.629997,1806400,76.441059
2015-10-06,78.83000200000001,78.980003,77.769997,78.059998,1743200,75.886927
2015-10-07,78.620003,79.959999,78.559998,79.739998,1880200,77.520158
2015-10-08,79.5,81.550003,79.360001,80.900002,2410900,78.647869
2015-10-09,81.300003,82.41999799999999,81.0,81.889999,1975700,79.61030699999999
2015-10-12,81.269997,82.480003,81.099998,81.779999,1175000,79.50336899999999
2015-10-13,81.66999799999999,81.870003,79.709999,79.839996,2158000,77.617373
2015-10-14,79.809998,80.68,79.190002,80.160004,1558200,77.928472
2015-10-15,80.82,80.970001,79.66999799999999,80.82,1444200,78.570095
2015-10-16,81.010002,81.129997,79.559998,81.099998,1993400,78.842299
2015-10-19,80.790001,81.599998,80.400002,81.57,1621700,79.299216
2015-10-20,81.620003,83.08000200000001,81.16999799999999,82.269997,1992100,79.979726
2015-10-21,82.959999,83.050003,81.660004,81.910004,1367300,79.629755
2015-10-22,82.25,84.650002,81.900002,84.550003,2647200,82.19626
2015-10-23,84.019997,85.25,84.019997,85.059998,2479800,82.69205699999999
2015-10-26,84.809998,85.089996,84.160004,85.029999,1920600,82.662894
2015-10-27,84.540001,85.010002,84.08000200000001,84.279999,2512500,81.933773
2015-10-28,84.720001,86.190002,83.83000200000001,86.160004,2940100,83.761441
2015-10-29,84.519997,84.519997,79.970001,80.040001,4875700,77.81181
2015-10-30,80.18,83.639999,80.18,83.190002,3669400,80.87411999999999
2015-11-02,83.589996,84.650002,82.790001,84.41999799999999,1789700,82.069875
2015-11-03,84.07,84.389999,82.370003,83.41999799999999,1870200,81.097713
2015-11-04,83.849998,83.849998,82.730003,82.82,1886000,80.514418
2015-11-05,82.75,83.510002,82.099998,83.279999,1189500,80.961611
2015-11-06,83.040001,83.790001,82.360001,83.300003,2306100,80.981059
2015-11-09,82.790001,83.050003,82.0,82.309998,1006600,80.259486
2015-11-10,82.190002,83.150002,81.779999,83.029999,1447200,80.961551
2015-11-11,83.5,84.41999799999999,82.699997,83.910004,1421100,81.819633
2015-11-12,82.68,83.940002,82.639999,82.68,1968500,80.620271
2015-11-13,82.489998,82.769997,80.18,80.300003,2113000,78.299565
2015-11-16,80.339996,81.220001,79.959999,81.16999799999999,1650600,79.147886
2015-11-17,81.370003,81.769997,80.339996,80.68,1511900,78.67009499999999
2015-11-18,81.279999,82.08000200000001,80.629997,82.07,2577400,80.025467
2015-11-19,82.040001,84.0,81.75,83.940002,2237400,81.848884
2015-11-20,84.459999,87.559998,84.370003,86.209999,3351600,84.06233
2015-11-23,86.089996,86.870003,85.860001,86.339996,1798400,84.189089
2015-11-24,85.650002,87.379997,85.389999,86.940002,2493500,84.774148
2015-11-25,87.290001,88.260002,87.16999799999999,87.720001,2030200,85.534715
2015-11-27,87.639999,88.400002,87.410004,87.589996,618900,85.407949
2015-11-30,88.010002,88.620003,87.309998,87.879997,2961300,85.690726
2015-12-01,88.279999,88.889999,87.800003,88.629997,1700100,86.422042
2015-12-02,88.339996,88.339996,86.57,86.639999,2329600,84.481619
2015-12-03,86.980003,87.290001,85.230003,85.870003,2428600,83.730804
2015-12-04,85.949997,88.019997,85.769997,87.849998,1427100,85.661474
2015-12-07,87.779999,88.269997,86.120003,86.529999,1853000,84.374358
2015-12-08,85.760002,85.959999,84.18,85.5,2167100,83.370019
2015-12-09,84.900002,87.099998,83.660004,84.400002,3462800,82.29742399999999
2015-12-10,84.360001,85.43,84.230003,84.41999799999999,1657100,82.31692199999999
2015-12-11,82.730003,83.510002,81.730003,82.0,1435600,79.957211
2015-12-14,82.160004,82.32,81.110001,82.150002,1762200,80.103476
2015-12-15,82.83000200000001,84.589996,82.800003,83.66999799999999,2224600,81.585606
2015-12-16,84.16999799999999,85.949997,84.099998,85.760002,1195900,83.623544
2015-12-17,85.510002,85.800003,83.449997,83.459999,1619000,81.380839
2015-12-18,83.33000200000001,84.199997,82.650002,83.510002,2996500,81.42959599999999
2015-12-21,84.620003,85.260002,83.110001,84.050003,1493600,81.956144
2015-12-22,84.599998,85.519997,83.91999799999999,84.709999,1190900,82.599699
2015-12-23,86.08000200000001,87.83000200000001,86.08000200000001,87.120003,2096500,84.949664
2015-12-24,87.139999,87.459999,86.510002,86.839996,803200,84.676633
2015-12-28,86.449997,87.199997,86.029999,87.18,659400,85.008167
2015-12-29,87.75,88.059998,87.529999,87.629997,829300,85.446954
2015-12-30,87.440002,87.58000200000001,86.309998,86.540001,1030700,84.384111
2015-12-31,85.980003,86.699997,85.540001,85.730003,920200,83.59429200000001
2016-01-04,84.449997,84.800003,82.900002,83.989998,2195300,81.897634
2016-01-05,84.459999,84.690002,81.199997,81.660004,2391500,79.625685
2016-01-06,80.209999,80.370003,78.860001,79.489998,4116700,77.509738
2016-01-07,77.510002,78.139999,74.730003,75.040001,4654700,73.1706
2016-01-08,75.709999,76.489998,73.470001,73.58000200000001,3174800,71.746972
2016-01-11,73.839996,76.129997,73.550003,75.839996,3439400,73.950666
2016-01-12,77.209999,77.449997,72.58000200000001,74.949997,5933400,73.082838
2016-01-13,75.440002,75.550003,70.029999,70.150002,5131800,68.40242099999999
2016-01-14,70.220001,70.589996,65.93,69.41999799999999,7256200,67.690603
2016-01-15,67.089996,68.440002,65.760002,67.470001,4722700,65.789185
2016-01-19,68.32,68.940002,66.519997,67.339996,3350300,65.662418
2016-01-20,66.18,66.839996,63.470001,65.720001,5328300,64.08278100000001
2016-01-21,66.099998,67.050003,64.93,65.099998,3768700,63.478223
2016-01-22,66.519997,67.610001,64.620003,65.040001,3454300,63.419720999999996
2016-01-25,64.83000200000001,65.190002,63.82,64.279999,2858400,62.678652
2016-01-26,65.370003,66.510002,65.0,66.370003,2683100,64.716589
2016-01-27,66.059998,66.940002,65.480003,66.230003,3587200,64.580078
2016-01-28,67.110001,67.980003,64.110001,64.139999,2740500,62.54214
2016-01-29,64.190002,65.08000200000001,63.5,64.940002,3313000,63.322213
2016-02-01,64.699997,66.650002,64.57,66.400002,2855700,64.745841
2016-02-02,65.730003,65.989998,63.580002,63.970001,2580900,62.376377000000005
2016-02-03,64.849998,64.900002,61.610001000000004,62.549999,3920900,60.99175
2016-02-04,61.009997999999996,62.540001000000004,57.0,62.23,3581700,60.679722
2016-02-05,61.73,63.09,58.77,59.43,4668000,57.949477
2016-02-08,58.48,59.220001,56.139998999999996,57.009997999999996,4391400,55.589762
2016-02-09,56.02,58.310001,55.59,57.639998999999996,4938900,56.20406800000001
2016-02-10,58.18,59.380001,58.110001000000004,58.959998999999996,4160100,57.491184
2016-02-11,57.59,60.41,57.389998999999996,58.630001,3486500,57.16940699999999
2016-02-12,59.75,61.439999,58.950001,61.240002000000004,3505000,60.011219999999994
2016-02-16,62.369999,63.529999,61.779999,63.119999,4034000,61.853496
2016-02-17,63.540001000000004,66.190002,63.400002,66.010002,3309800,64.685511
2016-02-18,66.18,67.150002,64.989998,65.370003,2560700,64.058353
2016-02-19,65.07,65.379997,63.880001,65.160004,2391000,63.852568000000005
2016-02-22,66.110001,67.510002,65.699997,66.099998,2784700,64.773701
2016-02-23,65.599998,65.940002,64.190002,64.410004,2700600,63.117616000000005
2016-02-24,63.48,64.019997,62.119999,63.689999,3484600,62.412057999999995
2016-02-25,63.810001,66.720001,63.57,66.68,2882400,65.342065
2016-02-26,67.57,68.029999,66.449997,66.720001,2481100,65.381264
2016-02-29,66.709999,67.660004,66.389999,66.68,2709100,65.342065
2016-03-01,67.769997,69.089996,67.089996,68.870003,2601200,67.488125
2016-03-02,68.779999,69.41999799999999,68.410004,68.940002,1793900,67.556721
2016-03-03,69.150002,70.949997,68.849998,70.790001,2409400,69.369599
2016-03-04,70.639999,72.470001,70.0,71.529999,3877800,70.094749
2016-03-07,70.809998,71.199997,69.949997,70.589996,1927100,69.17360699999999
2016-03-08,69.849998,69.93,68.370003,68.940002,2194600,67.556721
2016-03-09,69.559998,70.209999,68.82,69.110001,1826800,67.72330799999999
2016-03-10,69.239998,69.389999,67.160004,68.370003,2747800,66.99815799999999
2016-03-11,69.459999,70.720001,69.260002,70.279999,2553700,68.86983000000001
2016-03-14,69.57,70.349998,69.18,70.059998,1398200,68.65424300000001
2016-03-15,70.309998,71.050003,69.339996,70.980003,1375600,69.555789
2016-03-16,70.769997,72.480003,70.730003,72.139999,2779800,70.69251
2016-03-17,72.410004,73.349998,71.870003,73.099998,2659900,71.633246
2016-03-18,73.379997,73.529999,72.209999,72.639999,2945900,71.182477
2016-03-21,72.559998,72.739998,71.650002,72.360001,1691100,70.908097
2016-03-22,71.620003,73.540001,71.620003,73.260002,2086700,71.79003900000001
2016-03-23,72.870003,73.110001,72.290001,72.540001,1854100,71.084485
2016-03-24,71.849998,72.589996,70.949997,72.370003,2319700,70.917898
2016-03-28,72.480003,72.93,72.099998,72.260002,1121900,70.81010500000001
2016-03-29,71.900002,73.970001,71.75,73.91999799999999,1564900,72.43679300000001
2016-03-30,74.620003,75.860001,74.33000200000001,74.910004,2057700,73.40693399999999
2016-03-31,74.910004,75.870003,74.629997,75.019997,2012100,73.51472
2016-04-01,74.18,74.66999799999999,72.220001,73.690002,1810300,72.211412
2016-04-04,73.300003,73.480003,70.489998,70.83000200000001,3611100,69.40879699999999
2016-04-05,69.790001,71.540001,68.629997,71.010002,2166300,69.585186
2016-04-06,70.849998,71.690002,70.050003,71.660004,2217600,70.222145
2016-04-07,71.559998,72.870003,70.860001,71.199997,3194900,69.77136800000001
2016-04-08,72.050003,73.150002,71.470001,71.589996,1651700,70.153542
2016-04-11,72.230003,73.239998,71.83000200000001,72.620003,2299800,71.162882
2016-04-12,73.010002,73.18,71.82,72.349998,2140700,70.89829499999999
2016-04-13,73.440002,76.480003,73.300003,76.41999799999999,4166200,74.88663000000001
2016-04-14,76.589996,77.699997,75.57,77.190002,2709500,75.641184
2016-04-15,77.089996,77.440002,75.910004,76.220001,3325800,74.690646
2016-04-18,76.970001,77.010002,75.970001,76.510002,1603200,74.974828
2016-04-19,77.18,77.410004,76.230003,76.769997,2457100,75.229606
2016-04-20,77.089996,77.370003,76.220001,76.629997,1973200,75.092416
2016-04-21,76.839996,77.309998,75.889999,76.0,1629700,74.475059
2016-04-22,75.980003,76.160004,74.900002,75.730003,1955200,74.21048
2016-04-25,75.389999,76.120003,75.190002,76.040001,1423100,74.514258
2016-04-26,76.349998,77.910004,76.220001,77.870003,1602500,76.30754
2016-04-27,77.769997,78.0,76.57,77.019997,1770000,75.47459
2016-04-28,76.0,76.190002,73.879997,74.989998,1859700,73.485323
2016-04-29,75.16999799999999,75.16999799999999,73.230003,73.629997,2170000,72.152611
2016-05-02,74.07,74.07,73.32,73.709999,2083000,72.23100699999999
2016-05-03,72.940002,73.900002,71.620003,73.16999799999999,2342800,71.701841
2016-05-04,72.599998,73.5,69.650002,70.089996,5132600,68.68364
2016-05-05,70.709999,71.07,69.300003,69.309998,2968900,67.919292
2016-05-06,69.190002,70.66999799999999,68.839996,70.459999,1975400,69.046219
2016-05-09,69.93,70.66999799999999,69.91999799999999,70.019997,1168900,68.898619
2016-05-10,70.290001,71.449997,70.050003,71.300003,1320600,70.158125
2016-05-11,71.379997,71.650002,70.269997,70.279999,1392500,69.154457
2016-05-12,70.940002,71.239998,69.5,69.66999799999999,1328500,68.554225
2016-05-13,69.400002,70.160004,68.290001,68.470001,1627200,67.373446
2016-05-16,68.709999,68.980003,67.970001,68.58000200000001,1867200,67.481685
2016-05-17,68.129997,68.33000200000001,66.690002,67.059998,2991700,65.986024
2016-05-18,66.860001,68.08000200000001,66.43,67.309998,2714100,66.23201999999999
2016-05-19,67.0,67.43,65.620003,65.860001,2221200,64.805245
2016-05-20,66.199997,67.129997,65.970001,66.760002,1696200,65.690833
2016-05-23,66.589996,66.910004,66.099998,66.199997,846200,65.139797
2016-05-24,66.629997,68.290001,66.349998,68.059998,2437000,66.97000899999999
2016-05-25,68.440002,69.089996,67.940002,68.0,1869800,66.910972
2016-05-26,67.93,68.360001,66.540001,67.190002,2003000,66.113947
2016-05-27,67.050003,67.839996,67.0,67.779999,1297700,66.69449399999999
2016-05-31,68.019997,68.449997,67.610001,67.959999,2581000,66.871612
2016-06-01,67.220001,67.389999,65.879997,67.059998,2075800,65.986024
2016-06-02,67.019997,68.379997,66.75,68.339996,2233600,67.245524
2016-06-03,67.93,68.449997,66.150002,67.07,1757600,65.995866
2016-06-06,67.290001,67.739998,66.599998,67.529999,1888000,66.448498
2016-06-07,66.83000200000001,68.550003,66.83000200000001,68.339996,1556600,67.245524
2016-06-08,68.760002,69.349998,68.43,69.040001,1663600,67.934318
2016-06-09,68.379997,69.050003,67.949997,68.93,1282200,67.82607900000001
2016-06-10,68.160004,68.470001,67.139999,67.33000200000001,1339300,66.251704
2016-06-13,66.83000200000001,67.120003,65.91999799999999,65.91999799999999,1436400,64.86428199999999
2016-06-14,65.510002,66.089996,64.599998,65.150002,1492000,64.106617
2016-06-15,65.43,66.800003,65.120003,65.849998,1452700,64.79540300000001
2016-06-16,65.18,66.309998,64.190002,66.239998,1658000,65.17915699999999
2016-06-17,66.18,67.309998,66.010002,66.459999,2784200,65.395635
2016-06-20,68.360001,70.0,68.360001,69.690002,3774400,68.573909
2016-06-21,69.550003,69.879997,68.489998,69.16999799999999,2569500,68.06223299999999
2016-06-22,69.68,70.08000200000001,68.849998,69.029999,1714000,67.924476
2016-06-23,69.989998,70.730003,69.639999,70.709999,1738000,69.57757099999999
2016-06-24,66.68,66.879997,61.91,62.07,6218000,61.075942000000005
2016-06-27,61.220001,61.34,58.040001000000004,59.060001,4629900,58.114149
2016-06-28,60.18,61.75,59.759997999999996,60.720001,3401200,59.747564000000004
2016-06-29,61.470001,62.91,61.130001,62.75,3528600,61.745052
2016-06-30,63.0,63.610001000000004,62.09,62.599998,3170400,61.597452000000004
2016-07-01,63.490002000000004,64.980003,62.970001,63.619999,3114200,62.601117
2016-07-05,62.880001,62.880001,59.889998999999996,60.189999,2114600,59.226048999999996
2016-07-06,60.400002,61.130001,58.970001,60.919998,1996700,59.944357999999994
2016-07-07,61.099998,62.880001,61.060001,62.689999,3121100,61.686011
2016-07-08,63.580002,65.129997,63.560001,64.849998,2435900,63.811418
2016-07-11,65.379997,66.620003,65.160004,65.220001,2079500,64.175496
2016-07-12,66.089996,67.08000200000001,66.059998,66.66999799999999,2237600,65.602271
2016-07-13,66.709999,67.019997,65.540001,67.0,2766600,65.926987
2016-07-14,68.0,68.129997,67.150002,67.16999799999999,1616900,66.094263
2016-07-15,67.25,67.779999,66.839996,67.07,1629700,65.995866
2016-07-18,66.239998,67.660004,66.239998,67.089996,1332100,66.01554300000001
2016-07-19,66.559998,67.029999,66.139999,66.739998,1285000,65.671149
2016-07-20,66.779999,68.470001,66.699997,68.260002,1495900,67.166811
2016-07-21,68.550003,69.510002,68.41999799999999,68.760002,1898400,67.658803
2016-07-22,68.66999799999999,68.690002,67.540001,68.360001,1749600,67.265208
2016-07-25,68.449997,68.559998,68.029999,68.339996,1404400,67.245524
2016-07-26,68.550003,69.449997,68.379997,69.410004,1609100,68.298395
2016-07-27,69.91999799999999,70.379997,68.93,69.239998,1732400,68.131112
2016-07-28,67.029999,67.910004,65.459999,67.66999799999999,3673200,66.586256
2016-07-29,67.639999,68.360001,67.32,67.82,2612400,66.733855
2016-08-01,67.790001,68.209999,67.360001,67.800003,2089200,66.714178
2016-08-02,67.260002,67.389999,65.120003,65.32,3435900,64.273893
2016-08-03,63.5,65.83000200000001,62.369999,64.050003,5011200,63.024235
2016-08-04,64.379997,64.550003,63.439999,63.490002000000004,3091300,62.473202
2016-08-05,64.0,66.529999,63.900002,66.260002,2815200,65.198841
2016-08-08,66.160004,66.879997,65.639999,65.68,1520000,64.912227
2016-08-09,65.760002,66.32,65.41999799999999,65.57,1290900,64.803512
2016-08-10,65.690002,65.93,65.08000200000001,65.18,1207600,64.418072
2016-08-11,65.720001,65.93,65.339996,65.349998,1320100,64.586083
2016-08-12,65.07,65.07,63.689999,63.98,1852800,63.232099
2016-08-15,64.120003,64.900002,63.59,64.779999,2284900,64.022746
2016-08-16,64.589996,65.07,64.099998,64.529999,1466000,63.77566899999999
2016-08-17,64.839996,65.050003,64.480003,64.949997,2257600,64.19075699999999
2016-08-18,65.019997,65.489998,64.639999,65.07,1558500,64.30935699999999
2016-08-19,64.760002,65.410004,64.709999,65.309998,2439500,64.54655
2016-08-22,65.190002,65.25,64.66999799999999,65.059998,1235100,64.299472
2016-08-23,67.5,68.029999,66.41999799999999,67.860001,3040500,67.066744
2016-08-24,68.150002,69.120003,68.120003,68.650002,4486600,67.84751
2016-08-25,68.110001,68.940002,67.32,68.650002,2913300,67.84751
2016-08-26,68.75,69.760002,68.620003,69.620003,3173400,68.806173
2016-08-29,69.519997,70.839996,69.089996,70.839996,3293700,70.011905
2016-08-30,70.860001,71.480003,70.230003,70.410004,2490100,69.586939
2016-08-31,70.190002,72.050003,69.860001,70.660004,2887500,69.834016
2016-09-01,71.010002,72.129997,69.839996,70.300003,3334500,69.478224
2016-09-02,70.760002,70.860001,69.91999799999999,70.16999799999999,1990900,69.349739
2016-09-06,70.900002,71.019997,69.83000200000001,70.470001,2290800,69.646235
2016-09-07,70.480003,70.739998,69.860001,70.290001,1634100,69.468339
2016-09-08,70.029999,70.800003,69.959999,70.66999799999999,1620500,69.84389399999999
2016-09-09,69.93,70.489998,67.93,68.010002,4622300,67.21499200000001
2016-09-12,67.110001,69.339996,66.760002,69.019997,4150800,68.21318000000001
2016-09-13,68.139999,68.82,67.339996,68.18,2192900,67.383003
2016-09-14,67.790001,68.989998,67.68,68.440002,3131500,67.639966
2016-09-15,68.82,69.309998,68.120003,69.110001,1642100,68.302132
2016-09-16,68.650002,69.980003,68.139999,69.769997,2724500,68.954413
2016-09-19,70.410004,71.0,69.489998,69.57,1474600,68.756754
2016-09-20,69.870003,70.0,68.459999,68.849998,1705000,68.045169
2016-09-21,69.41999799999999,69.800003,68.629997,69.519997,1918600,68.707335
2016-09-22,70.400002,70.870003,70.089996,70.230003,1791200,69.409042
2016-09-23,69.91999799999999,70.07,69.410004,69.510002,1088500,68.697458
2016-09-26,69.129997,69.33000200000001,68.66999799999999,68.760002,1939700,67.956225
2016-09-27,68.489998,68.790001,67.849998,68.400002,2777600,67.600433
2016-09-28,68.690002,70.699997,68.540001,70.629997,2609700,69.804361
2016-09-29,70.279999,71.019997,69.470001,69.68,1741000,68.86546899999999
2016-09-30,70.050003,71.839996,69.379997,71.32,2476600,70.486297
2016-10-03,71.150002,71.889999,71.050003,71.220001,1548700,70.387468
2016-10-04,71.410004,71.660004,70.300003,70.709999,1334800,69.883427
2016-10-05,70.980003,71.940002,70.790001,71.769997,1535500,70.931034
2016-10-06,71.57,71.57,70.279999,71.029999,1257700,70.199686
2016-10-07,71.029999,71.099998,69.690002,70.120003,1294200,69.30032800000001
2016-10-10,70.57,71.150002,69.91999799999999,69.959999,879200,69.14219399999999
2016-10-11,69.730003,69.889999,67.510002,67.800003,1683400,67.007448
2016-10-12,67.989998,68.110001,67.550003,67.66999799999999,1113300,66.878963
2016-10-13,66.82,67.050003,64.800003,65.910004,2511600,65.139542
2016-10-14,66.480003,67.339996,65.809998,65.989998,2364100,65.218601
2016-10-17,65.93,66.839996,65.860001,66.41999799999999,2886800,65.643575
2016-10-18,67.089996,67.089996,64.0,64.110001,3431600,63.360580000000006
2016-10-19,64.410004,65.540001,64.199997,65.129997,2734000,64.36865300000001
2016-10-20,65.129997,65.129997,63.939999,64.41999799999999,1694200,63.666954000000004
2016-10-21,63.799999,64.08000200000001,63.080002,63.919998,2668600,63.172799
2016-10-24,64.730003,64.93,64.190002,64.230003,1579600,63.47918000000001
2016-10-25,64.029999,64.129997,62.470001,63.23,2095300,62.490866000000004
2016-10-26,63.07,65.349998,62.68,64.269997,2975300,63.51870600000001
2016-10-27,64.370003,64.510002,63.040001000000004,64.449997,2081600,63.696602
2016-10-28,64.489998,65.400002,64.290001,64.709999,1712500,63.953565000000005
2016-10-31,64.91999799999999,65.709999,64.41999799999999,65.07,2113800,64.30935699999999
2016-11-01,65.309998,66.18,64.809998,65.199997,3339700,64.43783499999999
2016-11-02,65.260002,67.970001,64.489998,66.709999,3598200,65.93018599999999
2016-11-03,66.699997,68.08000200000001,66.230003,66.339996,2111900,65.56450799999999
2016-11-04,66.139999,67.440002,65.449997,66.760002,1932700,65.97960400000001
2016-11-07,67.690002,69.160004,67.690002,69.150002,2401300,68.639831
2016-11-08,68.800003,70.360001,68.099998,70.110001,2715200,69.592747
2016-11-09,66.5,67.91999799999999,63.560001,65.58000200000001,7635500,65.09616899999999
2016-11-10,65.75,67.959999,65.739998,66.470001,4223700,65.979603
2016-11-11,66.0,66.470001,65.07,65.230003,4682700,64.74875300000001
2016-11-14,65.690002,67.32,65.690002,66.559998,3590900,66.068935
2016-11-15,66.629997,67.540001,66.33000200000001,66.769997,2730300,66.277385
2016-11-16,66.510002,66.599998,65.370003,66.540001,2649300,66.049086
2016-11-17,66.470001,68.139999,65.5,68.050003,1993600,67.547948
2016-11-18,68.199997,69.010002,68.099998,68.190002,2067600,67.686914
2016-11-21,68.589996,69.290001,68.260002,68.66999799999999,1816200,68.16336899999999
2016-11-22,67.839996,67.879997,63.5,66.980003,3493800,66.485842
2016-11-23,66.730003,67.75,66.470001,67.059998,1598000,66.565246
2016-11-25,67.470001,68.150002,67.32,67.519997,534700,67.021851
2016-11-28,67.5,67.910004,66.279999,66.32,1825200,65.830708
2016-11-29,62.84,64.230003,60.5,63.439999,6130300,62.971955
2016-11-30,64.25,65.959999,63.900002,64.0,3773600,63.527824
2016-12-01,64.629997,65.82,64.099998,65.629997,2540400,65.14579599999999
2016-12-02,65.529999,65.870003,63.610001000000004,63.720001,2332800,63.249891000000005
2016-12-05,64.459999,64.900002,63.459998999999996,63.75,3009800,63.27966899999999
2016-12-06,63.700001,65.959999,63.52,65.879997,2157300,65.393952
2016-12-07,66.209999,71.300003,65.75,70.360001,5349900,69.840903
2016-12-08,70.360001,71.949997,69.83000200000001,71.349998,2666000,70.823596
2016-12-09,71.120003,71.599998,70.480003,71.519997,1400500,70.99234
2016-12-12,71.510002,71.510002,69.290001,69.379997,1802600,68.86812900000001
2016-12-13,69.610001,70.75,68.879997,70.040001,1730600,69.523264
2016-12-14,68.75,70.480003,68.529999,68.800003,2806900,68.29241400000001
2016-12-15,68.699997,70.089996,68.5,69.050003,1353000,68.54057
2016-12-16,69.459999,69.800003,67.970001,68.099998,2799600,67.597574
2016-12-19,67.809998,68.139999,67.099998,67.68,2150300,67.180675
2016-12-20,68.239998,68.410004,67.110001,67.279999,1913700,66.783624
2016-12-21,67.870003,69.57,67.519997,69.190002,2106400,68.679536
2016-12-22,68.57,68.779999,67.190002,67.25,1465400,66.753847
2016-12-23,67.209999,68.260002,67.150002,67.800003,1286800,67.29979200000001
2016-12-27,67.650002,68.529999,67.650002,68.059998,1136400,67.557868
2016-12-28,68.709999,68.889999,67.260002,67.309998,1024400,66.813402
2016-12-29,67.300003,67.91999799999999,67.07,67.360001,806800,66.863036
2016-12-30,67.809998,68.110001,66.769997,67.349998,1321900,66.853107
